Category,Title
Social,
Social, 대형견 입마개  부탁에  딸들도 묶고 다녀  조롱한 유튜버 결국 사과
Social,2만명 돌파한 마약사범 10대 여성 외국인 급증
Social, 손흥민 아버지  손웅정 아동학대 혐의로 검찰 송치
Social,조규홍  복귀 어려운 전공의 조속히 사직 처리해야 
Social,지하철 타려는데 아이가  쑥  발빠짐 사고에도 대책은 더뎌
Social,의정   의대 증원 의료 공백  두고 재차 격돌
Social,장례도 못 치러   화성 아리셀 화재  희생자 신원파악 이틀째 난항
Social, 썩은 걸 튀겼다  치킨에 구더기  득실   업주는  그럴 리 없다 
Social, 대전 용산초 교사 사망사건  종결 학부모 학교 관계자 무혐의
Social, 초2 아들  이마부터 턱까지 연필로 긁혔다    눈 찔렸으면 끔찍 
Social, 하청 불법파견  HD현대건설기계 전 대표이사 등 벌금형
Social,고속도로 갓길 서 있던 60대 차에 치여 숨져 도주 가해차량 추적
Social, 안아주고 싶다  신임 교총회장  과거 여고생 제자에 쓴 편지  파장 
Social,30초 만에 4번 폭발하고  암흑    일반 소화기로 끄려다 참변
Social,원희룡  아직도 이재명 처넣지 못해 사법 정의 이루겠다 
Social,문과 문 사이 막아선  불길   탈출구 바로 막혀 
Social,광진구  유수풀 워터슬라이드 갖춘  중랑천 물놀이장  개장
Social,김장겸  민주당은 제가 그렇게 두렵습니까    미디어 브리핑 
Social,마약사범 10 20대  여성 크게 늘었다 작년 2만명 돌파  역대 최다
Social, 전 국민 마음투자 사업  내달 본격 시행 100만명에 전문 심리상담 지원
Social, 의창  의료대란  아직 시작되지도 않았다 
Social, 단독   장학금 줘도 안 가요   카이스트 원전학과 선택 3명
Social, 화성 화재  아리셀 대표 등 3명 중처법 입건 작업중지 명령도
Social,제주에  천원 빵집  낸 교수님   은퇴자 사랑방 되길 
Social,민주 조국혁신   채 상병 수사 외압  배경에 임성근 구명로비 의혹 제기
Social,심야에 일하던 60대 신호수  과속차량에 치여 숨져   차들이 폭주족처럼 달려 
Social, 우리 딸 어디 있나요  찾아 헤매는 가족들
Social,술에 취해 경찰관 허벅지 물어뜯은 40대 남성  실형
Social,개 고양이 11마리 살해 20대 집유 선고에 검찰 항소
Social, 6월26일   총성 4발과 쓰러진 백범  배후는 밝혀지지 않았다
Social, 고등학교때 뭐 배웠더라    직무능력은행 에서 확인한다
Social,국가인권위원들  전원위 보이콧하겠다    송두환 위원장의 편파 진행에 항의
Social, 안고 싶어  오늘 더 사랑해  교총회장  제자에 보낸 편지  논란 
Social,건물 규모만 따지는 화재예방법 사각지대서 튄  아리셀 불씨 
Social,CCTV 담긴 최초 폭발 순간 소화기 써보지만  속수무책 
Social,남성 열 명이  친구 딸  안고서 식당 CCTV에 담긴 장면  잇슈 키워드 
Social,희생자 유족  눈물만  신원 확인 본격화
Social,오세훈표  기동카 의 진화  단기권 후불 카드 고양시 노선 추가
Social,백종원이 점검했다며   홍콩반점 탕수육 소스  젤리처럼 굳어  실망
Social, 네 딸이나 줄로 묶고 다녀  12만 대형견 유튜버 끝내  사과 
Social, 여중생 성폭행  지역 이미지 추락에 고개숙인 밀양시장
Social,24개 시민단체 임진각 모여  대북전단 살포 즉각 중단하라 
Social,강형욱  삶 돌아보는 시간 가져  허위 고소 비방엔 법적 대응 
Social,창원 시내버스  승객 8명 타고 가다 화재      하마터면 큰일날뻔 
Social,31초간  펑  펑  펑  펑  순식간에 연기 뒤덮였다 첫 발화 모습 보니
Social,수요일 새벽부터 제주 장맛비 늦은 밤엔 남해안도 비
Social,폭발 파편이 120m까지 주변 마을은 가스에 무방비
Social,   배터리 공장 2차폭발 방지장치 의무화  한국은 규정 없어
Social,화성  부대서 일병 사망  수첩에  서열 암기 강요  정황
Social,일제강제동원 피해자 유족  JX금속 상대 손배소송 패소
Social,재산분할금 안주고  집에서 나가라 는 남편    법원 판단은
Social, 국내 첫 췌장 이식수술 성공  윤대원 일송학원 이사장 별세
Social, 살 안 빼  지구 무거워  외국 여성에게 폭언 쏟아낸 광장시장 노인
Social, 얼음거지도 다 있네  영화관 음료수 기계서 얼음 홀랑 털어간 남성
Social,서울  여전히 우리가 가장 살고 싶은 도시  제주 열기는 하락 추세
Social, 허위 인터뷰 의혹  수사 중 구속 신학림  법원에 구속적부심 청구
Social,화성 화재 임시분향소 이틀째 추모객 발길 이어져
Social,공수처  통화내역 확인 중  국방부 수뇌부 곧  줄소환 
Social,초등교사 10명 중 8명 이상  정서 위기학생때문에 교육방해 
Social, 냉장닭인 척 냉동닭     40  할인 대형마트 치킨 알고보니
Social,서울성모병원 무기한 휴진 철회  정부  전공의 복귀 촉구
Social, 이재명 수사 검사  탄핵심판 종결  헌재  신중히 검토 
Social, 불법 매립 의혹 일곡공원 땅 파봤지만  광주시 의회 건설노조 현장조사
Social,강민구 민주당 최고위원  TK 행정통합에 견제구
Social,유방암의 50 는  허투 유전자 저발현   치료약 생겼다 
Social,자립준비청년  삶 만족도  여전히 낮아    46 5   자살  생각해봤다
Social, 빅5  3곳  무기한 휴진 안해  세브란스 아산병원  촉각 
Social,사장 살해 후 사고사 위장한 직원 구속기소
Social,신입 경찰 2명 시민  산책 중 쓰러진 70대 노인 구해
Social,인천 송도 상수도관 파열에 때아닌  식수대란  줄 늘어선 시민들
Social, 오늘부터 복수  층간소음에 윗집 협박 스토킹한 40대  2심도 벌금형
Social,아리셀 대책위   신산업  성장 속 위험은 이주노동자에 전가 
Social, 문재인 사위 특채  의혹  전주지검 형사3부 검사 전원투입
Social, 안 맞았어요 는  위증    이귀재  징역 10개월
Social,홍준표  행정통합 경북 반발은 이철우 지사가 알아서 할 일 
Social,백신 없는 수족구병  최근 한 달간 2 3배  영유아가 90 
Social, 작년 부산 평균기온 16도 기상관측 이래 역대 1위 
Social,지난해 마약사범 2만7611명  역대 최다  10대 여성 증가세
Social,사망자 23명 중 17명 외국인 피해자 지원팀 구성
Social,삶 끝내려는 순간  쑥 나타난 경찰 발걸음 돌린 진심
Social,제주 도심 인근서 맹견  핏불 테리어  30여 마리 사육장 발견
Social, 이혼 사유 20개 정도  박수치며 결별 소식 알린 서유리  남편의 반응
Social, 경찰  범죄자 취급에 반말로 일관  화장실 성추행범으로 몰린 20대 분통
Social,마약사범 연간 2만명 첫 돌파 10대 마약 200  늘었다
Social, 사고 대신 낸 척 해줘  여자친구 거짓말시킨 변호사  벌금 500만원
Social,대장동 의혹 수사 검사  민주당 비판  검사 탄핵은 자가당착 
Social,최민희  대통령이 임명을 않는데 무슨 야당 추천 타령인가  
Social,월세 지급 독촉하는 집주인 부부 살해하려 한 50대 중형
Social,백종원  직접 점검했다더니  크게 실망  다신 안 시켜 먹어 
Social,2년째 이럴 수가 마약사범 통계 속 불편한 진실
Social,야구 중계하다  지연 황재균 이혼했어  이광길 해설위원 사과
Social, 수원군공항 이전  물 건너 가나 정명근 화성시장  반발 거세
Social,안주찬 구미시의장  성희롱 갑질 문제 제기 구미경실련 성명 사실무근 
Social,나경원  윤 정부 성공 못 하면 재집권 못해 친윤 친한 하나 돼야 
Social,오세훈  광화문 앞에 100m 높이 태극기 총사업비 110억
Social,넉달 넘은 전공의 공백  정부  비복귀자 사직 처리 
Social, 울산대병원 이전 반대  동구 주민들 반발 수위 
Social, 단독  소방당국   화성 참사  아리셀 공장 화재안전영향평가 검토
Social,자립준비청년 46 5   자살 생각 해봤다   정신건강 경제적 문제 때문 
Social, 교비 횡령  이인수 전 수원대 총장  항소심서 형량 가중
Social,해외 출장 중 여성 기자 강제추행 혐의     기자 재판행
Social, 일 힘들었나  구미  로봇 주무관  갑자기 계단 돌진 추락
Social,강형욱  한 달간 제 마음도 많이 다쳐  회사 접고 훈련사의 삶에 전념하겠다 
Social, 손흥민 부친  손웅정  아동학대 혐의 피소  사랑 전제되지 않은 언행과 행동 없었다 
Social,박경귀 아산시장  현직 공무원에 형사 피소  수모 
Social,성매매 단속 현장은 영장없이 촬영 녹음해도 적법
Social,동대문구 아파트 건축현장 화재 작업자 40명 구조 대피
Social, 엄마가 잘못한 게 아니야  학부모 민원에 극단 선택한 교사   순직  인정됐다
Social, 이런 사람이 교수라고   제자 때리고 부모 살해 협박한 교수
Social, 우표 아니야   책 속에 숨긴 종이  알고보니 신종마약이었다
Social,김재윤 부산 금정구청장 병환으로 별세   보궐선거는 10월 16일
Social,광주시  5 18조사위 미완 종료 국가차원 조사기구 설치해야 
Social, 아이 때려서라도  vs  체벌 절대 안돼  양육관 갈등으로 가출해 이혼 요구한 남편
Social,공무원이 성관계 장면 몰래 촬영했다가 집유 2년
Social, 단독  법원  유명 수학강사 현우진  직원이 올린 허위 댓글에 사용자로 책임져야 
Social,국회  진화위 기관경고  요청에 진화위 내 우려 목소리
Social,부산시  하반기 실 국 과장급 정기인사 단행
Social,원희룡 만난 홍준표  당대표  당 오랜 지킨 사람이 전대 나와줘 참 고맙다 
Social,  직원 강제추행  오거돈 전 부산시장 만기 출소 지인 손 이끌려 현장 벗어나
Social,화성 화재 아리셀  외국인노동자  불법파견  여부도 도마 위
Social,용산초 교사 사망사건  무혐의   분노  전면 재수사해야 
Social,홍준표  이상한 애 당 대표 뽑아버리면 보수 전체 가라앉는 참패 
Social,가족 찾아 헤매는 유족들  참사때마다 반복 현장에서 
Social,여학생에  떨려  안아주고 싶어  교총 회장 편지에 교육계  발칵 
Social,경찰  화성 리튬베터리 공장화재 사망자 23명 모두 부검
Social, 황재균 이혼한거 아느냐   이혼설  확산에 아내 지연이 한 말
Social,손웅정 감독 아동학대 혐의 피소    사랑 없는 행동 없었다  반박
Social,내일 임현택 복지장관 만난다   의새  말실수 논란 후 처음
Social,지방공기업 출산축하금 자녀수당  인건비에서 빼준다 저출생 극복 지원
Social,경실련  아파트 공시가격 시세반영 못해 산출근거 공개해야 
Social,3000억 준대도 쓰레기매립지 응모  0곳 
Social,정신건강정책 혁신위 출범 국민 마음 돌본다
Social,한동훈 만남 거부한 홍준표  25 27일 제안 모두 거절 만날 이유 없다 
Social, 일년 넘게 열심히 일했는데  눈물 애타는 사망자 가족들
Social,출근길 분향소 찾은 김동연  화재원인 책임소재 규명에 최선 
Social,볼카츠 점주들 불성실   머투 기사 보고 정말 불쾌했어요 
Social,추격전 끝 4대  쾅쾅  몸으로 막은 경찰
Social,    모녀 살해  박학선 구속기소  계획 범행 판단 
Social, 최저임금 차별 중단  기습 시위 민주노총 23명 현행범 체포 종합 
Social,정원 16명에 원아 408명   직접 쓴  엉터리  유치원 정보
Social,손뼉 치며 이혼 발표했던 서유리  이혼 사유 추려보니 20개 
Social,10대 마약사범  지난해 3배 급증 여성도 80  증가
Social,백종원 직접 등판했지만  홍콩반점 탕수육  젤리처럼 굳었다  불만
Social, 허재   허웅  전 여자친구 고소  수년 간 협박 시달려 
Social, 음주 뺑소니  김호중 내달 첫 재판 음주 혐의는 빠져
Social, 드라이기보다 안전하다고    GTX 변전소 설치 갈등에 컨테이너 민원실 차린 동대문구청
Social,대전용산초 교사 사망 사건  무혐의  유족 교원 단체  반발  종합 
Social,이름 대신 붙은  번호표  딸 잃은 아버지  내 새끼인데   
Social, 숙취운전  현직 경찰관  단순 음주운전  이유로 감봉 3개월
Social,황의조 형수  사생활 폭로  2심 징역 3년  끝을 알 수 없는 피해 
Social, 직원에 고소당한 강형욱  진실 밝힐 것 허위 비방 법적 대응 
Social,정부가 들고나온  전세 폐지론  가능할까
Social,포스코 GM 기술 합작한 캐딜락 럭셔리 전기차  리릭  국내 출시
Social,이재명 연루  대장동 의혹  수사검사   탄핵 추진  민주당에  권한 남용  비판
Social, 여신도 성폭행  JMS 정명석 항소심서 증인 신청 받아들이지 않아
Social,도심 아파트 공사장 화재 검은 연기에  깜짝 
Social,대학강사에서 대리 기사  이혼에 신용불량자까지 40대 가장에게 벌어진 일
Social,  수술 잘 받아  문자가 마지막   떠나는 모습이라도 보게 해줘   유가족들의 절규
Social, 갑질 논란  강형욱  2차 입장  마음 많이 다쳐   대표로서 삶 접을 것 
Social,부산항 신항 가로막던 송도섬 제거해 축구장 38배 항만부지 조성
Social,구더기 득실거리는 치킨 논란    업주는  매일 튀기는데 말도 안 돼 
Social,부울경  3개 시도 잇는  광역철도 조기 구축  공동 건의
Social,시민단체  대북전단 살포에 반발  즉각 중단하라 
Social,경찰  경기 대형병원 압수수색 병원장 등 리베이트 혐의
Social,의료계  무기한 휴진  철회 움직임에 가톨릭의대도 유예
Social,교제 반대한 딸부터 노려   강남 모녀살해  박학선 기소
Social,화성 화재 사망자 23명 중 지문 이용 신원 확인 가능 시신 3구뿐
Social,구로구  공원 지하주차장 내일 강행 주민들 결국 거리 나선다
Social,연기 나더니 연달아 4번 폭발 화성 화재 현장 CCTV 공개 영상 
Social, 영상   네가 직접 왔어야지  카페 사장에 음료 던진 무개념 손님
Social, 역대 최악 23명 사망 아리셀 공장 화재 중대재해처벌법 위반 대상   법조계에 물어보니 438 
Social,아직도 학벌 외국어점수 묻는 기업 10년 전보다 더 늘었다
Social,강형욱  허위사실 유포 법적대응 성실히 조사 임하겠다 
Social,울산교사들  정서위기 학생한테 수업 방해 받아봤다  92 2 
Social,김호중  7월10일 첫 재판  음주운전 혐의 빠졌다
Social, 환자들 불안감이 치료에 악영향    보호자들도 울분 
Social,사고 이틀 전에도 화재 유족들 분통
Social,감기인 줄 알았는데  2급 감염병  백일해 전국 퍼진다  무슨 일
Social,입양한 개 고양이 11마리 도살한 20대  집유  동물단체  최악의 선고 
Social,경기도  이화영 재판 관련 검찰 반박자료 일부러 미제출  비상식적 주장 
Social, 22만 원 중성화 지원금 받으려고   길고양이 무분별 포획 수술 의혹
Social, 나를 해고한다고  오히려 좋아  영세식당 노린  취업 빌런들 
Social,주차장 막고 전화도 안 받는 외제차  경찰도 해줄 게 없다더라 
Social, 수도권 쓰레기 대란 오나   대체 매립지 3차 공모도 무산
Social, 의약품 도매업체  불법 리베이트   경찰  경기도 중형병원 압수수색
Social, 화성공장 참사  외국인 불법파견  의혹 곳곳서 드러나는 정황들
Social, 손짓발짓 교육 후 현장 투입    외국인 근로자 안전대책 전무
Social, 부모에 손 안 벌릴려고 알바하다가   화성 최연소 희생자는 23살 유학생
Social,작년 마약사범 2만7611명 2만명 처음 넘겨  역대 최대 
Social, 함정단속  해도 된다 대법  단속 위한 성매매 업소 녹취 사진 증거로 인정 
Social,소련 공군 6 25전쟁 참전 기록  문서로 확인
Social,스타벅스서 실명 주문하면   일회용 컵 버릴 때 내 이름이 그대로 
Social, 강제추행  오거돈   부산시장 만기출소 질문엔  침묵  
Social,스타벅스에서  실명 으로 주문할 때 신중해야 하는 이유
Social,19년간 일가족 가스라이팅 무속인 부부 2심 징역 10 15년
Social, 선생님 부검해봐야  조리돌림에  강남 탈출  애원하는 초등교사들
Social, 뉴스포커스  화재 이틀 전 참사 전조 있었다 끊이지 않는 인재 논란
Social,검찰   강남 모녀 살해  박학선 구속기소
Social, 르포  폐허로 변한 화성 아리셀 공장 인적 끊긴 주변엔 스산함마저
Social,  오물풍선  하늘길도 막아   정체모를 낙하물에  화들짝 
Social, 역대최다 과징금  쿠팡 랭킹조작  중앙지검 아닌 이곳에 배당
Social, 선생님이 스토커  허위 신고한 학부모 자녀 폭행해 구속송치
Social, 집회로 수업권 침해  연대생 청소노동자 소송 끝 강제조정
Social, 악법  몰리는 배임죄   엄격한 적용 관대한 양형 
Social, 2차전지 메카  경북도 포항시   화성 참사  재발 방지 나서
Social,화성화재 수습본부  사망자 일부 신원 확인 아리셀 작업 중지명령 
Social,영장 없이  성매매 수사  녹음 대법  증거능력 있다 
Social,손님 위장한 경찰  업소서  연애  요구하며 몰래 녹음  위법 수사일까
Social,김동연 지사  화성 참사 사망자 처우 1대 1 멘토링    특단의 대책 지시
Social, 아이 때려서 키워야  양육관 달랐던 남편  가출하더니 이혼소송
Social,입마개 지적하자  딸들 줄로 묶어서 다녀라  유튜버 결국
Social, 가해자나 공개해   밀양시장 사과에도 여론  폭발 
Social, 너무 멋졌다  식당서 아이 잠들자   10명이 한 행동  영상 
Social,학교 소방안전관리자 거부 행정실장 전보  부당vs합당  논란
Social, 와글와글  도로서 담배 피우다  툭  또 담뱃불 실화
Social,3000억 준대도 수도권 대체 매립지 신청 없었다  문턱 더 낮춰 추가 공모 
Social,한동훈 만남 두번 거절한 홍준표  정치 잘못 배워도 한참 잘못 배워 
Social,업종별 최저임금 논의 본격화  차별 조장 vs 자영업자 어려워  종합 
Social,복지차관  의료공백 사과   의협 회장  우리 탓 아냐    질타 쏟아진 복지위 청문회
Social,인천서 30초 만에 금은방 털어 달아난 2인조 징역 3년 선고
Social,검찰   태광그룹 2인자  부당대출 의혹 관련자들 구속영장
Social, 우영우 촬영지 제주 신도리를 남방큰돌고래 테마 마을로 
Social, 방독장비 없이 화성 화재 투입    경찰관  폭로 
Social,안산시의회 성포광장 재정비 주민 목소리 반영 촉구
Social, 딸 목걸이만라도  누나 2명 연락두절  장례식장엔 이름 대신 번호만
Social, 식당서 잠든 아이  아빠 친구들 번갈아 안아줘 예쁘더라  미담 화제
Social, 캐리비안의 해적   배우  서핑 중 상어 공격으로 사망
Social,숨진 병사 수첩서 관등성명 암기 강요 등 부조리 정황 발견
Social,캐시 박 홍  젠더 갈등  여성들의  역사적 폭력  트라우마가 인정되지 않아 생긴 것  2024 경향포럼 
Social, KF94 마스크만 쓰고 사지로   화성 현장 출동한 경찰 폭로
Social, 핫클릭   전 연인 개인사 무단인용 의혹  정지돈  판매 중단   
Social,검찰   교제 여성 딸 살해  박학선 구속기소  계획 범행 
Social, 코인 투자 손실 열 받아  소개자 찾아가 흉기 휘두른 일당
Social,무면허 음주운전 후 부인과  운전자 바꿔치기 한 30대 징역형
Social, 우표인 줄    책 속에 감춘 신종 마약 보니
Social, 앵커칼럼 오늘  인재     이제는 그만
Social,잦아드는  휴진  바람  불씨는 남아있어
Social, 사생활 영상 유포  황의조 형수  2심도 징역 3년   진지하게 반성 안해 
Social, 제주요  그 돈이면 딴 데 가죠  이런 사람들 정말 많더니 벌어진 일
Social, 스타트 브리핑  알리 테무  낚시성 광고 에 소비자들 뿔났다
Social, 방심위 파행  윤석열 대통령  헌법소원 이어 직무유기 고발까지
Social,이혼소송 중 재산 18억원 빼돌린 남편 재판행
Social,북  어젯밤 오물풍선 250여개 살포 합참  100여개 우리지역 낙하 
Social,독일 일본엔 없는데 한국에만 있는 어처구니없는 규제
Social, 금두꺼비도 하늘은 못이겨  부산 해수욕장 울린 불청객  무슨 일
Social,부산시  7월1일자 과장급 이상 74명 정기인사
Social,교원단체   용산초 교사 사망  재수사 촉구  무혐의 처분은 공교육 포기선언 
Social,집에서 편안히 눈 감고 싶지만  돌봄 부담 에 결국 병원서 임종  씁쓸 
Social, 비전문 취업  비자 느는데  안전관리 사각   산재사망 10 는 외국인  화성 배터리 공장 화재 참사 
Social,신라젠  1031억 규모 유상증자 납입완료  자본금 확보 
Social, 200만원 받는  로봇 주무관   계단서 굴러떨어져 파손
Social, 훌륭한 선수 된다면  참자  생각한 적도 있어  피해 학부모  손웅정 고소한 이유
Social,서울대병원 비대위원장  휴진 안 하면 사직할지 순직할지 몰라 정부  전향적이어야 
Social,화성 화재  불편한 진실  외국인 노동자 안전교육만 했더라면
Social,경찰   KDDX 군사기밀 유출  관련 울산지검 압수수색
Social,전교조  대전용산초 교사 순직사건 불송치 결정 규탄   재수사하라 
Social, 이달 말까지 사직처리 완료   정부  전공의에 데드라인 제시
Social,중국 외교부  화성 화재 사망자 애도   한국에 유족지원 요청  화성 리튬전지 공장 화재 
Social, 사생활 폭로 협박  황의조 형수 항소심서도  징역 3년  선고
Social,성매매 단속과정 영장없이 촬영 녹음 대법  증거능력 인정 
Social,다툰 학생에  사과  권한 교사가 정서학대   아동복지법 개정하라 
Social,영정사진 없이 텅 빈 단상 화성시청 분향소 추모 행렬
Social, 이시각헤드라인  6월 26일 뉴스현장
Social,의료계  휴진 보류  움직임 다음주 미복귀 전공의 처분 분기점
Social, 손흥민    손웅정  아동학대 혐의 피소  사랑 없는 행동 없었다  반박
Social,복지차관  윤 대통령과 의료계 반발 논의 집단행동 예견했다 
Social,마지막 실종자까지 23명 앗아갔다  화재 참사  책임자 5명 입건
Social,구청이 소개팅 주선 결혼하면 축의금 2000만원 전세 지원까지
Social, 아내랑 돈 나누기 싫어  이혼 소송 당하자 18억 빼돌린 50대
Social, 포항 추모공원  제발 우리 마을에  유치전 나선 청하 구룡포 주민들
Social,포항시 땅 판 돈 20억 가로챈 공무원  징역 8년
Social,야구 중계 중 황재균 지연 이혼설 언급한 해설위원  안타까운 마음에  
Social,대구서 아동 청소년 백일해  급증  학교서 65명 집단발생
Social, 기분 나쁘다  카페 사장에게 음료 던지고 소리친 남성
Social,CCTV에 포착된  배터리 연쇄 폭발  화재 시작된 상황 보니
Social,고양 대화동서 만취 손님이 식당 여종업원 흉기 위협
Social, 바지 벗기고 수치스러운 인증샷   진주 중학생들 학폭 피해자 50여명 달할 듯
Social,진주 한 중학교 학폭 경찰  입건 전 조사 착수
Social,에어컨 주변 새카만 먼지 가득 저가 항공사 기내 위생 논란
Social,학부모 2명 중 1명  우리 애가 의대 갔으면   
Social,홍준표 시장 민선 8기 2년  혁신 100 행정통합  틀 완성
Social, 사생활 폭로  황의조 형수  2심도 징역 3년  진지한 반성 없어 
Social,이른 새벽 행인 때리고 현금 20만원 빼앗은 중고생 5명 체포
Social, 뉴스프라임   31명 사상  화성 화재 30여 초 만에 4차례 폭발
Social, 출근길 인터뷰  전국에 발령된 말라리아 주의보 유의할 점은
Social,오물 풍선에 인천공항 항공편 지연 경북 칠곡서 뺑소니에 1명 숨져
Social,CCTV에 담긴  최초 발화 순간    연이은 폭발에  혼비백산   지금이뉴스 
Social,집에서 담배 피우다 화재 경찰 피해 도주 50대  항소심도 금고 6개월
Social, 최저임금 차등적용 반대  기습 시위 민주노총 23명 체포 종합 
Social,인천 선재도 갯벌서 해루질하다 고립된 60대 2명 구조
Social,김윤  필수의료 기피 이유  엉터리 건강보험 수가 때문 
Social, 족적 99 9  일치  20년 전  영월 영농조합 살해  장기 미제 풀릴까
Social, 왜 이리 애타게 하냐  단골 여학생 끌어안은 카페 사장의  흑심 
Social, 일타 여성강사  납치 시도했던 40대 2심도 징역 2년 6개월
Social, 꿀밤 4번  발 엉덩이 6번    손웅정 주장에 고소인 측 재반박  Y녹취록 
Social,자립준비청년의 위태로운 마음 건강     자살 생각 해봤다  청년 평균의 4 4배
Social,김동연  화성화재 희생자 합동분향소 헌화  산업안전 이주노동자 대책 집중 
Social,51사단 사망 일병  병영 부조리  정황 암기 강요 등 식별
Social,외국인 인력 늘리기만 급급   산재에 무너지는  코리안 드림 
Social,1천 번 넘게 전화  상습 욕설 협박  결국 구속
Social, 영상 유포 협박  황의조 형수  오늘 2심 선고
Social,화성 아리셀  첫 발화 후 42초만에 암흑으로  CCTV 분석하니
Social,손웅정  사랑 전제않은 언행 없었다 시대변화 못 읽은 점 반성 
Social,물만 닿아도 위험한데 진화도 규제도  사각지대   친절한 뉴스K 
Social,서울학생인권조례 폐지 조희연  대법에 무효소송 제기 
Social, 남태현과 마약  서민재  리벤지 포르노 당했다  마약 폭로 원망 
Social,2500만원 상당 신종마약 숨겨온 미국인  인천세관에 적발
Social, 정부 믿었는데 빚더미 앉았다  일회용 컵 때문에  발칵 
Social,경찰  울산지검 압색  한국형 차기 구축함  기밀 유출 수사 자료 확보
Social,엘리베이터서 초등생 추행한 대학생  다른 아이들도 노렸다
Social,자영업자 과반  최저임금 동결 인하를  25 는  최저도 못벌어 
Social, 월간중앙  특별 인터뷰 |  규제로부터 자유로운 강원 기업 찾아올 일만 남았다 
Social,새만금개발공사  신속한 새만금 매립 추진 사업 10년 앞당기겠다 
Social, 화성 화재현장에 방독장비 없이 근무  경찰 내부 비판글 논란
Social, 같은 염색약 다이소 5천원  약국 8천원  약사 맹공에 결국  백기 
Social,국과수  김호중  면허취소 수치 2배  소견에도  음주운전 혐의  제외
Social, 당신만 보여  교총 회장  제자 편지 논란에  회원들  사퇴하라 
Social, 이번엔 최저임금 차등적용  공방 노사 최초 제시안 27일 나올 듯
Social,중수본  화성 배터리공장 피해자 3명 신원확인 유족 8명 DNA 확인 
Social, 화성 화재  내부 CCTV 공개 첫 폭발 42초만에 유독가스로  암흑 
Social,  틱톡  사망자 명단에 조카가  가족 생사 몰라 애타는 유족들
Social, 아내한테 재산 못 줘  이혼 소송 당하자 19억 빼돌린 남편
Social,괴롭힘에 숨진 이등병 가해자 어머니 한마디에 유족 분통
Social,김동연  경기도  최선 다해 이주노동자 대책 만들겠다 
Social, 때리고 욕설  무서웠다  진술서 공개 손웅정  사랑 전제 언행 
Social, 방충망 다는데 월 1000만원씩 벌리더라  젊은 기술자의 반란
Social,서울교통공사   직원 8명 혈액암 발병 에 전수조사 816명 대상
Social, 화성 화재현장서 방독장비 없이 근무  경찰 내부 폭로글  시끌 
Social,20년 만에야 고개 숙인  밀양의 어른들 
Social,화마에 스러진 이들의 추모분향소엔 사진도 이름도 없었다 배터리 공장 화재 
Social,부산 울산 경남  광역철도망 조기 건설 공동 건의
Social,19세 청년의  안타까운 죽음  유족 노동단체  철저한 원인 규명을   밀착취재 
Social,헌재   처남 마약수사 무마 의혹  이정섭 검사 탄핵심판 종결  신중히 검토 
Social, 자막뉴스 강형욱 한 달 만에 입장문  길에서 마주치면  
Social,성매매 단속하며 몰래 녹음 촬영 대법  적법한 증거 
Social, 화장품 수천만원어치 쌓여있다  40대 주부  비명 
Social, 백신 없는데 큰일  한 달간 환자 2배 급증한  이 병   건강 톡 
Social,가리왕산의 저녁놀  전영록 북 콘서트  오늘
Social, 소개팅 주선에 축의금 2천만원 전세 지원  부산 자치구 파격대책
Social, 단독  엑소 첸백시  분쟁 심화 멤버들 SM대표 사기로 고소
Social,서울시  110억원 투입해 광화문에 100m 높이 태극기 게양
Social, 딸 줄에 묶고 다녀라  대형개 입마개 요구에  발끈  12만 유튜버  사과
Social, 인권위 소위 의결 방식 변경  정족수 충족했지만 무산 보이콧할 것 
Social,강형욱  마음 많이 다쳤다   경찰 조사로 진실 밝힐 것 
Social,40초 만에 연쇄 폭발 화재 당시 CCTV 영상
Social,홍준표 시장  총선 패배 주범에 줄 서는 행태 직격 
Social,식당서 아이 잠들자 남성 10명이 한 행동 누리꾼  훈훈 
Social,국민적 공분이 지역 혐오로 번질까 우려 밀양시 대국민 사과
Social,국힘 탈당 러시 수원시의회 후반기 의장 민주당  유력 
Social, 화성 화재  비상구는 하나뿐 이마저도 막혀 피해 키웠나 영상 
Social,화성 화재 아리셀 외국인 노동자  불법 파견  의혹 증폭
Social, 단독  수상한 도급업체 주소 추적해보니 불난 공장과  동일 
Social,GTX A 구성역 오는 29일 개통 수서까지 14분 동탄까지 7분
Social,강형욱  참담함 느껴  회사 접는다 성실히 조사 임해 진실 밝힐 것 
Social, 다시 만나줘  246회 걸친 끈질긴 스토킹 한 남성에게 벌금형
Social, 절도니까 1만원 내놔  스터디 카페서 무료 간식 싹쓸이한  학생들
Social, 조민 입시비리 위증 혐의   서울대 직원  이성윤 보좌관 됐다
Social, 윤 대통령 명예훼손 보도    신학림  구속적부심 청구
Social, 체벌 논란  벌어진 손축구아카데미는 어떤 곳 
Social, 뉴블더  광화문광장에 110억 원 들여 세운다  100m 높이  태극기 논란
Social,교총 새 회장  과거 여고생 제자에  나의 여신님    당신의 향기  편지 논란
Social,반려견 유튜버  입마개 시비에  네 딸도 줄로 묶고 다녀  막말 논란
Social, 호텔 침입 성범죄  잇따르자   곽병우 제주경찰청 차장  신속  엄정 대응 
Social,집단 성폭행 재조명에  밀양  20년 만에 사과
Social, 현장  여성노동자 500명  최저임금 차등적용 반대한다 
Social,화성 사망자 신원 확인 가능 시신 3구뿐
Social,아리셀 공장에 전면 작업중지 명령 3명 입건 수사 착수
Social, 단독  전공의 이탈  골든타임 놓친 산재 노동자 다리 2번 잘랐다
Social,위기의 민주주의 회복할 첫걸음은    공감과 포용  다양성  2024 경향포럼 
Social,삼척서 70대 남성 벌에 쏘여 호흡곤란 등 강원 사건사고 잇따라
Social,예비역 장군  패륜 발언에 숨진 훈련병 어머니  그게 할 소린가 
Social, 화성 화재  이틀째 설치된 분향소 신원 확인 안돼 영정사진 없어
Social, 미인정 결석  걱정돼 가정방문한 교사  스토커  신고한 학부모
Social,20년 전  영월 영농조합 피살사건  피의자 구속영장 청구 영구미제 해결여부 관심
Social, 대어 낚으면 수백만 원   도박 낚시  업주 손님 무더기 검거
Social, 중국섬  되는 제주도    타이완 언론 경고  앵커리포트 
Social,12사단  GOP 총기사망  김 이병 괴롭힌 간부 선임병들  혐의 부인 
Social,용산초 교사는 인정됐지만 신목초 교사 순직 인정 못 받아
Social, 단독  화성 화재 아리셀   가짜 도급 계약서  썼다 
Social, 단독  급박했던 37초 공장 2층 내부 폭발 순간 영상 입수
Social,태백 탄광 폐광   오래전부터 예견했지만 삶의 희망 캘 수 있을지 
Social, 뷰파인더 너머   162  어떤 모습으로 기억되고 싶습니까
Social, 대중교통 무제한  기후동행카드  내달 1일 본사업 시작
Social,월 6만2000원에 대중교통 무제한 기후동행카드로 1인당 3만원 절감
Social,아리셀 화재 사망자 23명 전원 부검 실시   20명은 지문감정 불가
Social, 여보  수술 잘 받아  문자가 아내의 유언 됐다
Social,신임 교총회장  고교 제자에게  나의 여신님   안아주고 싶다  편지도
Social,기피 신청까지  셀프  의결 또 결함 드러낸 방통위  2인 체제 
Social,속초시  대관람차 해체명령 등 행정처분 실시
Social, 위기땐 다시 한국에 돌아가서 싸우겠다 던 구국 영웅 그립습니다 
Social,강형욱  경찰조사 진실 밝히겠다 마음 많이 다쳤다  회사 접을 것  종합 
Social, 단독  대낮에 통신사 대리점에서 흉기로 직원 협박한 50대 남성 검거
Social, 뉴스딱   공놀이 금지  안내문 붙자  권리 침해  소송 건 입주민
Social, 사망 훈련병  유족  운명이라니 자식 잃은 부모에게 할 소리인가 
Social, 수도권 파견 공보의 77 는 의료취약지 등 비수도권서 차출 
Social,아리셀 관계자 3명 중대재해법 위반 등 혐의 입건 불법파견 여부는  확인중 
Social, 손아카데미  아동학대 혐의 고소인  꿈 위해 노력했는데 참담 
Social,성매매 현장 경찰이 몰래 녹음    대법원  증거능력 인정 
Social,손웅정 감독 아동학대 혐의 피소  코치체벌 감독욕설  vs  진실과는 달라 
Social, 영상  김여정  분명 하지 말라고 한 일을 또 벌렸으니 하지 않아도 될 일거리가 생기는 것은 당연하다  경고 사흘 만에 대남 오물풍선으로 보복해
Social,예비역 장성  사망 훈련병 유족에  운명이라 생각 중대장 구속시 국군 패망 
Social,손님위장 경찰의 성매매 현장녹음은 함정수사  대법의 결론은
Social, 풀리면 재밌을 것    황의조  사생활 영상  유포 협박한 형수  2심도 징역 3년
Social, 통닭에 구더기 우글  폭로에 업주는  구더기 있다고  말이 안 된다 
Social, 8년전 대선때 여야 최저시급 1만원 약속  그런데 지금 어떤가 
Social,청문회서 마주한 임현택 vs 박민수  의료공백  네 탓  책임 공방
Social, 자막뉴스 손웅정  수억 합의금을 요구   VS 고소인  분노의 표현 
Social,중고 외제차 구입해 일부러 사고 내고 보험금 챙긴 20대 남성들
Social,족적 99 9  일치 20년 전 영월 피살사건 피의자 영장
Social,학원강사가 여중생 12명  몰카   서 불법촬영 2031명 적발
Social,밀린 월세 독촉 이유로 집주인 부부 살해하려 한 50대 징역 18년
Social,쓰레기장에 무심코 던진 꽁초  활활  양동이 물 퍼나른 시민  참사  막다
Social,맨몸으로 침대에 누워 여성 속옷 올려놓고  파격  박재범  무슨일이
Social,손흥민 부친 손웅정  아동학대 혐의로 피소  고소인 주장  진실과 다른 부분 많다 
Social,광주 전남으로 번진  메가시티  조성 논쟁 강기정 김영록  엇박자 
Social, 안고 싶다    교총회장이 제자에 보낸 편지  논란 
Social,쇠퇴하던 광주역앞  창업지대로 바뀐다
Social, 성관계 하자  피의자   추행한 경찰관   1심 실형에 항소
Social,숟가락 얹는 불청객 정치인들    현장선  의전하느라 수습 지연 
Social,가톨릭 의대도 휴진 유예   정부는 원칙 대응 강조
Social,강형욱   갑질 의혹 에 마음 다쳐 훈련사 삶 전념할 것 
Social,손흥민 아버지 손웅정  아동학대 혐의 피소    고소인 주장  진실과 달라 
Social, 여직원 강제추행  오거돈 전 부산시장 만기출소  묵묵부답 
Social, 밤새 아무런 안내도 없어   비보에 잠 못 이룬 가족들
Social, 집회로 수업권 침해  연대생  청소노동자 소송  강제조정으로 마침표
Social, 뜨겁습니다  괴로워해도 라이터로  화르륵  선임병 처벌은 고작
Social,울산시의회 안수일 의원  의장 결선투표서 무효표를 유효표 인정  이의
Social,박세리   쉽지 않았지만 다시 시작   올림픽 해설로 나선다
Social,국립대 부설초에서  직장 내 괴롭힘  의혹 대학 감사 돌입
Social,개인수익 300억  슈퍼카 7대 굴렸는데  법원은  37억만 불법  히어로콘텐츠 트랩  
Social,교사 93   정서위기 학생의 수업 방해 겪었다  치료 못 권한 이유는
Social,1차 폭발 42초 만에  암흑천지  대피 먼저 했더라면
Social,부산세관  베트남 국적 마약 밀수조직 검거
Social, 중국인 유족 지원을 왜   화성 참사에 들끓는 차별 혐오
Social, 백종원 점검한 거 맞나 젤리처럼 굳은 탕수육  홍콩반점 불만 또 나왔다
Social, 넉달전 산 옷 교환 안된다  거절하자  깡패 데려오겠다 
Social,국토장관  안전하지않은 항공기에 1명도 못태운다 안전 최우선 
Social,홍준표  핵무장 주장  뉴욕 불바다 각오하고 서울 지키겠나 
Social,서울시  1인가구 공유주택 후보지 선정 사업 본격화
Social, 한림대 성장 주역  윤대원 일송학원 이사장 별세
Social, 뉴스추적  리튬 1차 전지 화재  어떻게 꺼야 하나
Social,손흥민 부친 아동학대 혐의 피소  엎드려뻗쳐서 허벅지 때려 
Social, 전공의 6월말까지 사직 처리해주길  정부 데드라인
Social, 핫클릭   손흥민 부친  손웅정  아동학대 혐의 피소  
Social, 시동생 영상 유포 협박  황의조 형수 오늘 2심 선고 1심은 징역 3년
Social, 화성 아리셀 화재  외국인 사망자 18명 신원 확인 가속화
Social,중수본  화성 화재 피해자 3명 신원확인 공장 전체 전면 작업중지 명령 
Social,입양동물 11마리 죽인 20대 집유 선고에 검찰  형량 낮다  항소
Social,대전관광공사  감사에서 임원 채용 부적정 등 무더기 적발
Social,성실했던 공무원이 왜  로봇 주무관  계단서 뛰어내려  와장창
Social, 바이오 특화단지  초읽기 인프라 역량 우위  전북 최적론  재부상
Social,판소리로  인생 꽃  피우는 순천시청 퇴직 공무원 화제
Social, 단독  만취 운전자 추격전 끝 4대  쾅쾅  몸으로 막아낸 경찰
Social, 면허취소 수치 2배    김호중 7월 10일 첫 재판
Social,현대차 노조  다음 주부터 특근 거부 내일 임협 교섭은 재개
Social,화성참사 대책위  이주노동자  한국 죽으러 온 것 아냐 
Social, 영화 티켓값 동시에 1만5000원으로 인상  시민단체  멀티플렉스 3사 공정위 신고
Social, 이런 발표만 할거면   밀양시  대국민 사과  싸늘한 반응  왜 
Social,유부남에 자녀도 있는데 제자에게 연애편지   발칵 
Social, 화성화재  사망 20명 지문감정 불가 유족 8명 DNA채취
Social,임현택  의료공백은 복지부 탓  vs 정부  진료거부는 부당 
Social,손웅정 고소 아동 쪽  손 감독 자기미화에 피해자들 비통함 
Social, 따져보니   잠재적 폭탄  리튬전지 진화 방법은 
Social,미등록계좌로 수천만원 받은 동물권단체 2심  모금액 반환 
Social, 뉴스나우   23명 사망  아리셀 화재   중대재해처벌법 처벌될까 
Social, 경북 르네상스 저출생과 전쟁  반드시 승리  다시 대한민국 1등 경북으로
Social,조규홍  복귀 어려운 전공의 사직 처리해야   빅5  줄줄이 휴진 유예
Social, 자막뉴스   남중국해 지켜야    K방산으로   위협 맞서는 필리핀
Social,튀겨진 닭다리 사이에서 나오지 말아야 할 것이 나왔다    네티즌 공분
Social,파도 거센데 맨몸으로 뛰어들어 바다 빠진 20대 구한 해경
Social, 신촌 빌라 전세 사기  고소 고발 병합 경찰  추가 수사
Social,화성 배터리 공장 화재  이틀 전에도 화재 발생
Social,부산시  구덕운동장 재개발 강행 의지 주민 반발은 어떻게 
Social, 31명 사상 화성 화재 참사  마지막 수습 시신 1구 신원 확인 40대 한국인
Social, 수술 잘 받아  아내 문자가 마지막   어떻게 꺼내  통제선 앞 통곡
Social, 속보  성균관의대 교수 비대위도  휴진 시작 조치  일시 유예  
Social,백종원이 점검했다더니  홍콩반점 탕수육  젤리처럼 굳었다 
Social,손웅정 감독  고소인의 주장사실  진실과 다른 부분 많아 
Social,편의점 진열대에 바지 걸려 찢어진 만취 손님   물어내   생떼
Social,남편이 몰던 트럭  전신주 추돌해 아내 숨져
Social,오거돈 전 부산시장 만기출소   기자들 질문엔  묵묵부답 
Social,혜택 늘려도 응모 없어 수도권매립지 공모  3차도 실패
Social, 대전 초등교사 사망사건  학부모 등 모두 무혐의 교원단체  재수사 촉구
Social,레이싱모델 출신 유튜버  한선월   향년 32세 숨진 채 발견
Social,황재균 이혼설 띄운 해설위원  잘 살고 있는 집안 건드려 미안 
Social, 검찰 돕는다고   경기도  쌍방울 불법 대북송금 관련 민형배 의원 주장에 반발
Social,새 수도권매립지 3차 공모도 실패  주민 동의율  줄여 재공모
Social, 자막뉴스 1 000도까지 열폭주 하는  리튬화재  강 건너 불 아니다
Social,백신 없는 수족구병  크게 확산 영유아가 90 
Social,20대 외동딸 한살 터울 조카 한순간에 잃었다   믿기 어려워 눈물도 안나 
Social,성모병원 이어 삼성서울병원도  집단 휴진  유예 세브란스 아산은 
Social,속초해수욕장  대관람차  해체명령 업체 측  위법한 처분  반발
Social,LSD 253장 숨겨온 40대 미국인  세관에 적발 2500만원 상당
Social,목포 정육점에서 불법 낙태약을 팔고 있다   취재파일 
Social,박수빈 서울시의원  2023 잼버리 대회 실패  왜 뒷수습을 서울시가 해야 하나 
Social,화성 아리셀 공장 화재 사망자  지문 신원 확인  단 3구 뿐  마지막 시신은 40대 한국인
Social,20년 전 성폭행 사건  우리 불찰   고개 숙인  밀양시
Social,리튬  비 맞아도 터지는데 정부  불 잘 안 붙어 유해물질 아니다   화성 리튬공장 참사 
Social,해경  인천 갯벌서 해루질하다 고립된 60대 여성 2명 구조
Social,고참 초등교사  강남 대탈출  신참만 등 떠밀려 간다
Social,초고층 아파트가 부산에 몰린 이유는 
Social,이정섭 검사 탄핵심판 종결  비위 의혹 관여 안 해  vs  심각한 법 위반 
Social, 아파트 출입시 1년에 5만원  관리실 공지에 택배기사  황당 
Social,2인체제 불법 논란에도 방통위원장  방문진 이사 선임  강행 선언
Social, 뉴스1 PICK  여직원 강제 추행  오거돈 만기 출소 지인 손 이끌려 현장 벗어나
Social, KF94 마스크만 쓰고 사지 내몰았다  화성 출동 경찰 폭로  발칵 
Social,자립준비청년 절반은  자살생각 해봤다  전체청년의 4 4배
Social,오세훈  파크골프장 77곳 약속했는데 환경단체  홍수 시 위험 
Social,성균관의대 교수들  휴진 유예  환자들과 국민 위한 결정 
Social,세브란스교수들 휴진 이틀전 병원장들  진료중단 않길 
Social,동선 숙지 못해 피해 키웠나  단일 사건 외국인 최다 참변  위험의 이주화  드러낸 화성 참사 
Social,첸백시  SM 임원진 사기 혐의로 고소 갈등 재점화
Social,  엄마와 아들  중국서 흉기피습    우발적 사고  강조
Social, 뉴스딱   도로 울퉁불퉁  점검 중 화들짝 땅 꺼지더니 택시  쑥 
Social, 올림픽 출격합니다   부친 고소  눈물 흘린 박세리 근황
Social,손웅정 감독 코치 2명  아동학대 혐의 피소
Social,입양동물 11마리 죽인 20대 집유 선고에 검찰 항소
Social, 화성 화재 현장서 방독장비 없이 근무  현직 경찰관 폭로
Social,폭탄처럼  펑펑   23명 숨진 리튬전지 공장 화재 원인은   영상 
Social,해병대원 순직 사건에 도이치 주가조작 임성근  골프모임 몰랐다 
Social, 임산부만 앉게 센서 붙이자     여성 전용석  된 임산부석  민원만 7000건
Social, 아는 것이 힘  무더위 스트레스에 대상포진 기승    예방접종 필수
Social, 강남 오피스텔 모녀 살해  박학선  결별 통보받자 연인 딸부터 노렸다
Social,이틀 전에도 배터리서 불 관계자 5명 출국금지
Social, 이재명 생계 어려워  부인 김 여사 책 사는 지지자들
Social,매번 2칸씩 주차하는 민폐 이웃에 분노 주차 어떻게 했길래
Social,허은아 개혁신당 대표  5 18 헌법전문수록 맞손  강기정 시장과 약속
Social,세브란스병원장  139년간 이어진 환자 진료 멈출 수 없다 
Social, 얼굴 화끈 민망  야한 꿈 계속 꾸는 진짜 이유 나만 그런 게 아니었어
Social, 사귀게 되면 100만원  결혼땐 2000만 원 쏜다    부산 자치구 파격대책
Social, 모르겠다  나흘만에 말 바꾼 김홍일 방통위원장  위증  의혹
Social,복지부  의료 공백 해결 위한 증원  vs 의협  의정갈등 복지부 탓 
Social,  살포 이어 발사 속내는    42초 만에 연기 가득   고성 막말 조롱  충돌   프레스룸 LIVE 앵커브리핑 
Social,대전교사노조  용산초 교사 사망사건 전면 재수사하라 
Social, 절도죄 되나요    무료 간식 싹쓸이  손님에 사장 골머리
Social, 대장동 의혹  수사검사  검사 탄핵 겁박이자 외압 
Social,정신건강정책 혁신위 출범 2027년까지 100만명 심리상담
Social,대형견 입마개 논쟁하다  딸들도 묶어 다녀라  유튜버 실언
Social,개 짖는 소리에 넘어진 사람이 치료비 요청   법원의 판단은 최우석 기자의 로이슈 
Social,아버지뻘인데 주먹 날린 중학생   지하철 1호선에 무슨 일이
Social,동대문 아파트 건축현장 화재 검은연기 속 40명 구조 대피
Social,당시 유부남이었는데  신임 교총 회장  제자에  나의 여신님 
Social, 유족은 운명이라 생각하시라     얼차려 중대장  구속 말라는 하나회 출신 장군
Social, 최악 참사  화성  외국인 노동자 제조업체 수 전국 1위
Social,박민수  의대 증원에 의료계 집단반발 예견    과도 논의 
Social,해외 출장지서 타사 여기자 강제 추행  전 JTBC  기자 기소
Social,이틀 전 불났는데 안일한 대처  막을 수 있었던  인재 였다
Social,순식간에 1000도까지  리튬 열폭주    대책 마련 시급
Social, 요즘 아이들 왜 인내심 부족한가 했더니 유튜브 영향 컸다 
Social,가톨릭의대 교수들  무기한 휴진 안 해   불씨는 여전
Social, 배터리 공장  괜찮나요  시민 불안 키운  화성 참사  종합 
Social,민주노총 조합원 23명 무더기 연행 긴급 집회 열다  퇴거 불응 
Social, 인제 GOP 총기 사망  이병 괴롭힌 간부 선임병들  혐의 부인 
Social,교사 90   정서 위기학생에 수업 방해  50   그 보호자에 교권침해 
Social,복지차관   의새  발음 지적에  의협 인사도 같은 발음 실수 
Social,손명수 용인을 국회의원  서천 서울역 광역버스 노선 신설  환영 
Social, 네가 직접 와야지   카페서 음료 집어던진  진상 손님 
Social,원희룡  검찰수사 국정운영 직행    한번으로 끝나야  종합 
Social, 벌써 끝   국내 1호로 중입자치료 받은 폐암 환자 소감 첫 마디가
Social, 덜렁덜렁  발언 질타에   국토부 장관  국회에서 사과
Social,경기도  대북전단 살포 단체 수사 의뢰
Social, 제보23  수돗물 공급 차질 지하 상수도관 불순물 유입  
Social,뉴진스측  경찰  칼부림 협박글 수사 중 안전대책 강화 
Social, 비위 약하면 보지 마세요 닭다리 뜯었는데 구더기 후드득 
Social,돌연 사죄 운운하던 얼차려 중대장  강제행군 시켜 목발 짚었다  또 폭로나와
Social, 자막뉴스   선생님  그게 뭐예요     부끄러운 한국 현주소
Social,맥도날드  감자튀김 내일부터 판매 재개 공급중단 엿새 만
Social, 화성 화재  외국인 불법파견 있었나 고용부  사실관계 확인 필요 
Social, 지연 황재균 이혼했대    이광길 해설위원  결국 사과
Social, 집단 성폭행  20년 만에 고개 숙인 밀양    모든 분께 사과 
Social,제자에  사랑하고 또 사랑해  신임 교총 회장  손편지  논란 확산
Social,오션힐스 포항CC  골프회원권 중개사 수십억원 사기사건
Social, 아동학대  혐의 피소 손웅정  허벅지 때렸지만 수억 합의금 요구 
Social,식당서 아이가 잠들자   손님 10명 번갈아 가며 아이 돌봐  훈훈 
Social, 치료받기 싫다고  흉기 휘둘러 아버지 살해한 20대 아들
Social,북  이틀 연속  오물풍선  도발 인천공항 3시간 차질
Social,복지부장관 의협회장 만난다  의정갈등  청문회 격돌 예고
Social, 사반 제보   시민의식 최악    극장 얼음 몽땅 훔쳐 간 남성
Social,대장동 의혹 수사 검사  검사 탄핵은 겁박이자 외압 
Social, 방통위  공영방송 이사진 선임 강행땐 책임 물을 것 
Social,직원 8명 혈액암 진단 서울교통공사 관련 업무 816명 전수조사
Social, 2025 APEC 정상회의 인천 유치  실패   정치권 질타 목소리 확산 
Social, 계산은 카운터에서  이 말에 흉기 꺼냈다 만취 손님 현행범 체포
Social,전북도청 공연장 지하서 한밤 불 인명 피해 없어
Social,10시간 만에  무사 확인  소동   과제도 산적
Social,강형욱  조사로 진실 밝힐 것 허위사실 유포 비방은 법적 대응 
Social,휴진 이틀 앞두고  세브란스병원장들 교수들에  진료 중단 않길  호소
Social, 단독 순찰차  쾅  만취 차량 추격 끝  검거    경찰 4명 크게 다쳐
Social,김재윤 부산 금정구청장 재임 중 병환으로 별세 종합 
Social, 화성 참사  아리셀 공장관계자 3명 입건 전면작업중지 명령
Social, 출격합니다  아버지 때문에 눈물 흘린 박세리 근황
Social, 해도 너무한다  외유성 출장에 혈세  펑펑 
Social,대장동 의혹 수사검사  민주당 비판  검사 탄핵은 자가당착 
Social,이종섭 측  특검 청문회 자체가 직권남용 
Social, 염색약  약국 8000원 다이소 5000원  약사 반발하자 결국
Social,사람들이 우리를  개 로 부른다면
Social, 손금 봐줄게  제자 손 만진 50대 고등학교 교사 검찰 송치
Social, 직원 추행  오거돈 전 부산시장 만기 출소 심경 묻자  묵묵부답 
Social, 결혼하면 축의금 2000만원 전셋집도   구청이  소개팅  주선
Social,파주 임진각서 민간단체들  대북 전단 살포 행위 중단  촉구
Social, 단독  마곡서 맨홀 공사하던 50대 사망 작업 중 가스 흡입해 5m 추락
Social,백종원  재교육했다더니  홍콩반점 탕수육  젤리처럼 굳었다 
Social,폭발 위험있는데  물 뿌려  진화 최선이었지만 아쉬움 남는 건
Social,술도 안 마셨는데 한밤 고속도로 역주행 알고 보니
Social, 화성 참사  영정 있어야 할 곳에 꽃만 덩그러니 신원확인 아직
Social,이름 없이 번호만 애끓는 근로자 가족들  신원 언제 확인되나 
Social, 매일 신선한 닭 튀겨 구더기 있을 수 없다  업주 전면부인
Social,손웅정  코치 선수  달리기 늦으면 한 대 맞기 합의한 것   전문 
Social,요즘 학부모  2명 중 1명   자녀  의대 진학  꿈꾼다  교육방식도 바꿔
Social,노조는  환영  사측은  침묵  KBS 수신료 원복 가능할까
Social,양복 벗고 마이크 찬 최민호 시장  세종이 대한민국 미래다 
Social,해외 출장 중  여성 기자 강제추행  전 JTBC 기자 기소
Social,부산 울산 경남   1시간대 생활권  광역철도 조기 구축 공동 건의
Social,가정방문 온 교사  스토커  신고한 학부모  알고 보니  자녀 학대 
Social, 태백 탄광 폐광     오래전부터 예견했지만 삶의 희망 캘 수 있을지 
Social,고성 청간정 인근 고층아파트 건축승인에 주변 마을주민들 반발
Social, 대선 여론 조작  전 수사팀장    검사 탄핵 추진  겁박이자 외압 
Social, 김호중 면허취소 수치 2배  소견에도     음주운전  혐의 없음  왜 
Social,인천공항에 떨어진   오물풍선  새벽 항공편 운항 차질 종합2보 
Social,모든 게 뒤덮인 시간 단  15초  관계자 5명 입건
Social, 보호장비도 없이 KF94 마스크만 쓰고  화성 출동 경찰  폭로글
Social, 6월 말까지 미복귀 전공의 사직 처리   정부  현장 복귀 거듭 촉구
Social, 한국말 몰라요  위험 노출  이주 노동자  안전 교육 실태
Social, 8뉴스 예고  발화 장면 봤더니 31초 만에 4차례 폭발 등
Social, 속보  새 수도권매립지 3차 공모도 실패  주민 동의율  줄여 재공모
Social,경기도  내달부터 홈페이지 내 6급 이하 직원 실명 비공개
Social, 여직원 강제추행  오거돈 전 부산시장 만기출소 질문엔  침묵 
Social, 대어 낚으면 500만 원     도박 낚시  업주 손님 무더기 검거
Social,검찰   강남 오피스텔 모녀 살해  박학선 구속기소
Social, 신산업 이면의 위험은 이주노동자에 전가 예견된 참사 
Social, 젊은 공직자 다 떠나게 둘 거냐  길거리로 나온 공무원들
Social, 중학생이 아버지뻘 승객 때려요  지하철 1호선 발칵
Social,이틀 전 화재  쉬쉬   화 키운 안전불감  화성 배터리공장 화재 참사 
Social,화마 덮친 화성 공장 작업중지명령 경찰 노동청 동시수사
Social,정명근 화성시장  군공항 이전 특별법안 철회해야 
Social,출국납부금 7월부터  1만원 7000원   취업 후 상환 학자금대출  완화
Social, 품절 사태  롯데리아  오징어 버거  개발자는 왜 다리와 외로운 싸움을 펼쳤나  New   Good 
Social,한동훈 면담 거절 홍준표   당권과 국민  바보 아냐 
Social, 젤리처럼 굳은 탕수육   백종원  홍콩반점 에 뿔난 누리꾼
Social,경찰 내부 비판글  화성 화재 현장서 방독장비 없이 근무 
Social, 기소된지 3일만에    애인의  헤어지자  요구에 분노한 20대   폭행 후 감금까지
Social,황의조 형수  2심도 징역 3년  자백 언론 공개해 2차 가해 
Social,성대의대 교수들도 휴진 유예  환자와 국민을 위한 결정 
Social,손웅정 감독  아동학대 혐의 피소  코너킥 봉으로 맞고 욕설 들었다 
Social, 광주 일곡공원 건축폐기물 불법매립 없었다 
Social, D리포트  나라가 잊은  소년병  참전 생존 여부도 모른다
Social,밤거리 장악한  6 25 폭주족  경찰  속수무책
Social,기후동행카드 혜택 확대 지하철요금 올라도 가격 유지 종합 
Social,과속 차량에 신호수 사망 갓길 뺑소니 운전자 추적
Social,손흥민   손웅정 감독 아동학대 혐의 피소    고소인 주장과 달라  반박
Social,참사 이틀 전에도 배터리 화재 쉬쉬하고 넘어간 게 화 불렀나
Social,성매매업소 단속나간 경찰이 손님으로 위장해 대화 녹음 현장 촬영 대법  증거능력 인정 
Social,4번 폭발  쾅  42초 만에 암흑천지 된 공장  참혹했던 순간
Social, 최저임금 차별 적용 중단  기습 시위 민주노총 20여명 현행범 체포
Social, 환자 고통  사과 요구에 복지부 차관  송구   의협 회장  복지부 잘못 
Social, 지금은 기후위기  해수면   2050년 수백만 미국인 피해
Social,국과수  김호중  면허취소 수치 2배  검찰  음주운전 혐의 없음 
Social, 나 장교야  민통선 검문소 2곳 뚫었다 20대  정체 알고봤더니
Social, 광화문에 태극기  갑론을박  애국심 고양 vs 시대착오 
Social,한국 신장이식 생존율  동아시아에서 가장 높다 
Social, 성폭력  오거돈 전 부산시장 만기 출소
Social,복지부 차관   의새  발언 지적에  의협 간부도 같은 실수 
Social,42초만에 공장 내부  암흑  23명 사망 화성 공장 화재 원인은
Social,경기도 대형병원 압수수색   리베이트 수사 확대
Social,화성 화재 사망자 23명 전원 부검한다
Social,분향소 찾은 김동연  유가족 지원 신속 산업안전 이주노동자 대책 마련 
Social,한 달 만에 복귀한 강형욱  제 마음도 많이 다쳐 기업인 삶 접을 것 
Social, 홍콩반점 탕수육  젤리처럼 굳어 백종원 점검한 거 맞나 
Social, 속보  출생아 수 반전 신호탄  4월 1만9049명 1년7개월만에 상승
Social, 안전 교육  대화도 안 통해요   화성 비극  이유 있었다
Social,학부모 악성 민원 시달리다 숨진 대전용산초 교사 순직 인정
Social,임태희 경기교육감  과학고 4곳 추가 설립   교권보호 주력하겠다 
Social,김해 밀양 고속도로 건설될까  예비타당성조사 현장조사
Social,세브란스병원장들  휴진 예고 교수들에 호소  환자 진료 중단되지 않길 간곡히 부탁 
Social, 15초 만에 연기가 뿌옇게  발화 당시 CCTV 영상 입수
Social, 단독   회사 접는다  강형욱  한 달 전에도 10억대 근저당 설정
Social, 뭐야 저게  110억 들여서 세우는 100m 태극기  논란 
Social,학부모 악성 민원 시달리다 숨진 초등학교 교사  순직 인정
Social, 손흥민 부친  손웅정 감독 아동학대 혐의 피소  제 방식대로 지도한 점 반성 
Social, 단독   화성 참사  외국인 사망자 18명 전원  불법 파견  의혹
Social,대성산업  문경 케이블카 알박기  행태에 뿔난 시민들  상경 시위  욕심 버려라 
Social,한동훈  만나기 싫다 하니  홍준표  정치 한참 잘못 배워   프레스룸 LIVE 
Social, 와글와글 플러스   놀이터 공놀이 금지 에 입주민 소송
Social,김재중   성폭행 마약  논란 박유천 언급  연락 안 하지만 아픈 손가락 
Social,출입구 비상구 있었는데 20명 넘는 작업자  대피 못하고 숨져  의구심 증폭 
Social,이젠 6 25 폭주족까지  무법 질주 에 2차 사고도
Social,개 고양이 11마리 학대 살해한 20대에  집유      최악의 동물학대 판결 
Social,월클 만든 사랑의 매  손웅정   손흥민 학대 로 신고당한 적도
Social,고개 숙인 밀양시 재수사 가능 
Social, 아빠 가는 것도 못 보게 왜 이러세요  결혼 앞둔 딸 숨져
Social, 속보  영상 유포 협박  황의조 형수  2심도 징역 3년
Social,무단 인용 의혹에 정지돈 작가   연인에 사과  판매 중단 요청하겠다 
Social,외삼 유성복합 연결도로  호남지선 지하화 공사에 완공 안갯속
Social, 대선 여론 조작    수사팀장  검사 탄핵 추진  겁박이자 외압 
Social,제자에게 폭언 폭행도 모자라  부모님 흉기로 찌르겠다  협박한 교수
Social,약물중독  고독하지 않을 곳이 필요하다
Social,손웅정  아동학대 혐의 피소  체벌 욕설  vs  수억원 요구 
Social,범죄경력 조회서  결백  주장한 밀양 가해자  판결문 반박엔  침묵 
Social,현대차 노조 다음달 6일부터 토요일 특근 거부키로
Social,포항 골프장서 회원권 거래 사기 의혹 경찰 수사 착수
Social, 영상  숨진 훈련병 유족에  운명이라 생각하시라  군 훈련은 희생을 각오  하나회 출신 예비역이 쓴 글에  발칵 
Social,경찰  아리셀 대표이사 등 5명 형사입건 업무상 과실치사상 혐의
Social,빈소도 못 차린 화성 화재 유족들 신원 확인만 하염없이
Social, 사건사고  밀양시  20년 전  집단성폭행 사건  대국민 사과  
Social,   여러분의 마음은 안녕하십니까  2027년까지 100만명 심리상담 제공
Social, GOP 총기사망  이등병 괴롭힌 간부 선임병들  혐의 부인 
Social, 손흥민 부친  손웅정 감독  아동학대 혐의로 피소
Social,  6차 오물풍선 추정 잔해 대통령실 인근서도 발견
Social,현대차 노조  토요일 특근 거부 임협 교섭은 재개
Social, 사생활 영상 유포  황의조 형수 오늘 2심 선고   징역 4년 구형
Social, 중대장은 죄가 없다  어텐션 뉴스 
Social,5 18기념재단  옛 전남도청 발포 현장지휘관  집단살해  혐의 고발
Social,책 속에 숨긴 우표 모양 신종 마약   밀수입 미국인 구속 송치
Social,도급업체 주소 따라가보니  불 난 공장   다 그렇게 한다 
Social, 남편  9억 갚아  황정음   이혼 조정  이영돈에 민사소송 제기
Social, 전날에도 SNS 올렸는데   미스터 코리아  류제형  사망
Social,새벽 도로 작업 통제하던 60대   20대가 몰던 과속차량에 치어 숨져
Social,부산 금정구청장 보궐선거 10월 16일 실시
Social,최저임금 차등 폐지 집회하던 민주노총 23명 퇴거불응 혐의 체포
Social,지난해 마약사범 2만7천명  역대 최대  10대 여성 급증
Social, 대담 전문 힐러리 클린턴  분열로 퇴보하는 세상  함께 더 나아지는 길 찾아야  2024 경향포럼 
Social,원희룡  탄핵 카드 쥔  이재명 어버이당  술수에 휘말려선 안돼 
Social,밀양시  성폭행 사건에  알맹이 없는 공식사과  왜 
Social, 자막뉴스   해장국 이 잊지 못할 선물로   군 장병을 본 노부부가 한 행동
Social, 신입생 모시기  강원도내 대학 수능 최저등급도 낮췄다
Social,에어건 시범 아저씨 신기한듯 내한 빌리 아일리시 등산로서 포착
Social,한낮 대전 도심 행진한 노동자들  최저임금 대폭 인상하라 
Social,호수에 다리 담갔을 뿐인데 공만한 물집 뒤덮여  충격 
Social,고용주 살해하고  자전거 사고사  위장한 30대 직원 구속 기소
Social,서울시   1인 가구 공유주택  사업 본격화 대상지 6곳 선정
Social, 영상 유포 협박 혐의  황의조 형수 항소심도 징역 3년
Social,손웅정  아동학대  고소한 부모   뭐 하는 짓이지   생각 들었다 
Social,헬스장 화장실 이용했을 뿐인데  경찰이 성범죄자로 몰고 반말 
Social,손흥민 부친   아동학대 혐의  피소  경기 졌다고 봉으로 때리고 욕설 
Social, 영상 유포 협박  황의조 형수 오늘 항소심 선고
Social, 취재썰  KT 해킹 의혹 실체는 수사 진행되는 4년 간 손 놓은 과기부
Social, 약국은 8000원  다이소는 5000원  염색약 논란 약사들 항의에 결국
Social, 르포  영정사진 없이 텅빈 단상 화성시청 분향소 추모 행렬
Social, 화성 화재 방독장비 없이 투입  논란에 경찰  방독면 착용할 환경 아니였다   e글e글 
Social,경찰   화성 아리셀 화재  사망자 23명 모두 부검
Social, 어린 딸들 데리고 온 부부  6만원어치 먹고 먹튀  사장의 한탄
Social, 속보 황의조 형수 2심도 징역 3년  자백했지만 사건 축소에 2차 가해 
Social, 역대 최악의 선고  개 고양이 11마리 죽인 상습 입양   집유 
Social,기후동행카드 7월부터 청년은 7천원 할인 단기권도 구매 가능
Social, TK통합은 난센스 라던 홍준표 돌연 찬성 그뒤엔     공약 
Social, 화성 화재  마지막 수습 시신  오늘 부검 한국인 40대 
Social,포항시 땅 19억 횡령한 전 공무원 징역 8년
Social,시흥에 이어 민주당 광명시의원도 탈당   배경은 지역위원장과 갈등 
Social,칠곡 고속도로서 뺑소니 사망사고  용의자 추적 중
Social,대전 교사들  대전용산초 교사 사망사건 경찰 수사 결과에 반발
Social, 맘대로 내 사주 본 친구  네 남편 여자 있더라   계속 찜찜하고 불쾌  어떻게 생각하세요 
Social, 기후는 말한다  동해안  수온 상승 에 상어 잇단 출현 해수욕장 대책 부심
Social,고려제약 연루 의사 1000명인데  올해 리베이트 행정처분 한 명도 없어
Social, 시동생 영상 유포 협박  황의조 형수 2심서도 징역 3년
Social, 가장 지적인 나라    IQ 기준 1등 일본  한국은 5등
Social, 손금 봐주는 척  제자 손 만진 50대 교사 송치 직위해제
Social,가톨릭 성균관 의대 휴진  유예   사직서 수리 허용 
Social, 당장 안아주고 싶어  신임 교총회장  고교 여제자에 보낸 편지 논란
Social, 최저임금을 인상하라  고용노동부를 향한 기습 시위 현장 화보 
Social, 안고 싶다   차에 네 향기 나  교총회장  제자에 보낸 편지 충격
Social,SM 임원진 특경법상 사기 혐의로 고소한 첸백시 왜 
Social,신동엽 공유 산다는 그 집 홍광호  110억 최고가에 샀다
Social, 대장동 의혹  수사 검사  민주당 탄핵 추진  사법절차 방해 
Social, 단독   자식 떼어놓고 돈 벌러 온 엄마들  너무 슬프다 
Social, 청소노동자 학내 집회는 수업권 침해  연대생 소송  강제조정 마무리
Social, 단독 택시 요금 내라 했더니 줄행랑도 모자라 갈비뼈 부러진 택시기사 광주경찰  안 잡나  못잡나 
Social, 탕수육은 젤리처럼 굳고 면발은 엉겨붙고  백종원 믿은 고객  허탈 
Social,의령 고독사 위험 장년  반려로봇  홍이 가 지킨다
Social,안전 교육 못 받고  말 서툴러 우왕좌왕  대피 안전도 차별받는 외국인 노동자
Social, 구조적 문제  건보 재정 갉아먹는 의료계 리베이트 관행 뿌리 뽑힐까
Social,허웅  전 여자친구 공갈 협박으로 고소  폭행 당했다며 거짓말 
Social,개 고양이 11마리 입양해 살해한 20대에  집유   최악의 선고 
Social,서은우  내 사진 퍼트리겠다 협박  남태현 데이트 폭력 폭로
Social, 가벼운 다리 통증   방치하다 1년 안에 절단  무서운 이 질병 굿클리닉 
Social,A중사의 얼차려 꼬다리 
Social,위험물 곳곳에 있었는데 안전교육 제대로 이뤄졌나
Social,손웅정 SON아카데미 코치 등 3명 아동학대 혐의로 피소   수차례 욕설과 체벌 있었다 
Social, 속보  화성 화재  마지막 수습 시신 1구  신원 확인 40대 한국인
Social,공무원노조 울산 북구지부  북구청  직장 내 괴롭힘 가해자 중징계해야 
Social,마약이 피자 한판 값이라더니    마약사범 2만명 첫 돌파
Social, 나 장교야  열어  한 마디에 뻥 뚫린 민통선 붙잡힌 20대 꺼낸 말
Social,앞치마 벗더니 공주님  번쩍  친구 딸 잠들자 남성들 너도나도  감동 물결 
Social, 낮은 보수에 젊은 공무원들 떠난다  공무원노조 임금인상 촉구
Social,동해안 상어 출몰 이유는   앵커리포트 
Social, 100장 숨겨  책 사이 우표 모양 종이 신종 마약이었다
Social, 황재균 이혼했대  야구 중계진 발언 지연  사실무근  일축
Social,레이싱모델 출신 32세  한선월  사망 뒤늦게 소식 알려져
Social,홍준표  한동훈 겨냥  이상한 애 대표되면   정권 파탄날 것 
Social,부산항 신항 송도섬 제거 본격화 축구장 38배 항만부지 조성
Social,백신 없는 수족구병  한 달간 2배 급증 영유아가 90 
Social,돌진 차량에 신호수 사망   뺑소니 사망사고 잇따라
Social,책 속에 숨긴 우표 모양 종이 알고 보니 신종 마약
Social,키즈카페서 놀다가  5cm 상처     관리자   법적 조치하라   앵커리포트 
Social,83살 노시인은 4 3을 시로 증언했고 판사는 무죄를 선고했다
Social, KF94 쓰고 들어가라며 사지로 내몰아   화성 참사  경찰 비판글 논란
Social,과방위  박민 KBS 사장 증인 불출석 고발 의결
Social,교통사고 내고 도주치상 혐의 기소 30대  무죄 까닭은 
Social,앞치마 벗더니 잠든 아이  번쩍  식당 간 남자 10명이 한  훈훈  행동
Social, 수원 군공항 이전 법안  재발의에 들끓는 화성시
Social,사고 이틀 전에도 옆동에서 화재  대피 안내 못 들어 
Social,홍준표  여당 대표 첫 조건 정권과의 동행 출발부터 어설픈 판단  특검 주장 한동훈 비판
Social,청소년 자해환자 10년새 2 3배로 늘었다 코로나 유행기  급증 
Social, 안아주고파   자기 생각 많이 했어  제자에 편지 12장 쓴 교총회장
Social,짜고친 중고 외제차 보험 사기 휴대전화 녹음파일로 들통
Social,손웅정  아동학대 혐의로 피소   수억원 합의금 요구 수용 어려워 
Social,모델 출신  한선월  사망  석연치 않은 구석 있나  궁금한 이야기 Y  제보 받는다는데
Social,빅5 속속 휴진 철회  정부  이달 내 복귀 안 하는 전공의는 사직 처리를 
Social,퇴직자에게 급여를  세종교육청 부당 회계 무더기 적발
Social,박상규 한국대학교육협의회 회장  2학기 등록 기한 오기 전에 의대생 수업 거부 사태 해결돼야   세계초대석 
Social,김동연  이주노동자 확실한 산업안전 대책 세울 것 
Social,손웅정 감독  아동학대  혐의 피소 손 감독  고소인 주장 진실과 달라 
Social, 딸들 줄로 묶어라   12만  대형견 유튜버  결국 사과
Social,화성 화재 아리셀  불법파견  의혹 파견 금지 업종 업무 정황
Social,결혼 앞둔 공무원  다른 여자 와 성관계 몰래 촬영   법원  초범 고려  집행유예
Social,울산 부산 경남  3개 시도 잇는 광역철도 조기 건설 건의
Social,대법  단속차 성매매업소 촬영 몰래 녹음 적법   함정단속  인정
Social,자영업자 절반  최저임금  동결 인하 해야 
Social,자립준비청년 절반은  자살생각 해봐  전체 청년의 4 4배
Social,황의조 형수 2심도 징역 3년 피해자측  황의조도 기소해야  종합 
Social,산책로서 쓰러진 70대 남성  3분 만에 도착한 경찰과 시민이 구해
Social,경기북부에 또 날아온    오물 풍선  이틀간 35건 신고
Social, 단독 소방당국  석달전 화성 공장 화재 위험 정확히 지목    급격연소로 다수 인명피해 우려 
Social,경쟁사도 과거 큰 불  건물 분산 배치로 피해 최소화 
Social,책 사이에 우표 모양 종이가 알고 보니 신종 마약
Social,백혈병 아내 보낸 30대 투신시도    경찰  극적 구조
Social, 속보 마약사범 연간 2만명 첫 돌파 3명 중 1명이 1020
Social, 검색폭발 이슈키워드  네옴시티  Neom City 
Social, 무제한 무급 휴가 권유  의정 갈등 속 충북대병원 경영난 심화
Social,성대 의대도 무기한 휴진 보류   빅5  정상진료 기대
Social,엘리베이터서 처음 본 초등 여아 성추행한 대학생
Social,인천서 음란행위 중 여자 초등생에 말건 20대 남 추적 끝 검거
Social,사망자 23명으로 늘어 한국인 5명  관계자 5명 입건 출금 등 수사 속도
Social,내 집 마련 꿈 날린 부실시공  알고 보니 불법 하도급 
Social,화성 리튬전지공장 화재 사망자 23명 중 3명 신원 확인
Social,화상 참사 20명 신원 확인 불가   DNA 작업 진행 
Social, 속보 해병대  백령 연평도서 K9 천무 스파이크 등 290여발 발사 9 19합의로 중단 7년만에 해상사격훈련 재개
Social,경찰   불법 재하도급  의혹 관련 LH 압수수색
Social,내달 10일부터 모든 입영 검사자 상대로 마약류 검사한다
Social, 대장동 의혹  수사 검사  민주당 탄핵 추진에  검사 겁박 
Social, 간병 로봇 은 돌봄 부담을 줄이는 해답이 될까
Social,화성 공장 화재 마지막 실종자 신원 나왔다 40대 한국인 남성
Social,빙글빙글 돌다  쿵  계단서 뛰어내린  로봇 주무관  박살
Social, 한류 쇠퇴  이젠 우리 차례  대만 장관 주장 서경덕  열등감  일침
Social,등산로  에어건  신기해하던 팝스타 빌리 아일리시 멍해진 까닭은
Social,공무원과 공모해 차명 수의계약 체결한 현직 시의원 재판행
Social,오늘 제주도부터 강한 장맛비 밤부터 남해안 북상
Social, 초2 아들  학원서 4학년한테 연필로 얼굴 긁혔다 학폭 맞죠 
Social, 단독 엄마 없이도 자립심 강했던 딸인데   여기 일한 줄도 몰랐다 
Social, 여직원 2명 강제추행  오거돈 만기 출소 지인 손 이끌려 현장 떠나
Social, 이슈플러스  화성 화재 중대재해법 위반 조사   경찰  5명 입건
Social,화성 화재 마지막 시신 1구 신원 확인  40대 한국인 
Social, 일타 여성강사 납치 시도  40대 남성  2심도 징역 2년6개월  범행 치밀 준비 
Social, 학생 지도하다 경찰 기소  교사 잡는 저승사자법  영상 
Social,정부  필수의료 강화 불가피  vs 의협  잘 돌아가는 시스템 망쳐  설전
Social, 나의 여신님  안고 싶다  교총 회장  여고생 제자에 부적절 편지
Social,사장 금품 훔치다 들키자  살해 후 사고사로 위장한 직원
Social,안전대책법 아직 키즈카페서 6cm  가시  박힌 초등학생
Social, 단독  검찰   150억 부당대출 청탁 의혹  태광그룹   계열사 대표 등 구속영장 청구
Social,허영우  경북대 총장선거 막판 역전 1위  연구중심대학 전환 
Social,  끽  소리 날 정도  새벽  광란의 질주 에 신호등 작업자 참변
Social,학부모 3명 중 1명  의대 보내려 지방 유학 가능 
Social, 마라탕후루 챌린지 까지 나왔지만    빠르게 식는 탕후루 열기에 가게들 줄폐업
Social,화성 공장 내부 CCTV 보니 첫 폭발 42초 만에  연기 자욱 
Social, 다이소가 약국보다 더 싸  약사들 반발케한 제품  결국  출하 중단 
Social,인권위 내홍 심화 일부 위원  안건 미표결에 회의 보이콧
Social,맨몸으로 바다 뛰어들어 사람 구한 남성 휴가 나온 해경이었다
Social, 영상  오거돈 전 부산시장 만기출소 질문엔  묵묵부답 
Social,족적 99 9  일치했다 20년 전 영월 피살사건 용의자 구속영장 청구
Social,손흥민 부친 손웅정 아동학대 피소  수사 적극협조 
Social, 가을에 결혼인데  딸 목걸이라도 확인을  70대 아버지의 절규
Social,상반기  대교협 인증  없는 대학 21곳 못 따면 내년 국고 지원 끊겨
Social, 단독  모르는 번호 받지 말래서   참사 사흘째 아들 찾은 노모 통곡
Social,반려동물 11마리 죽인 20대 1심 집유 동물단체  최악의 선고 
Social,화성  폭발적 화재  리튬 배터리  열 폭주 는 왜 일어났나 
Social,금전갈등 사장 살해 뒤 사고사 위장 종업원 구속기소
Social,화성 공장 작업중지 명령 노동청  관계자 3명 입건
Social,아리셀 잇단 화재  배터리 결함  23번째 사망자는 40대 한국인
Social, 우리 아들 어딨어  유족들 오열 빈소도 못 차린 화성 화재
Social,20m 상공서 공중자전거 멈춰 50분 고립된 어린이들
Social,경남 양산지역 주요 현안 사업 해결 청신호 
Social,하늘에 분홍색 푸들이 산 오르는  강아지 구름  화제
Social, 임산부 아니면  삐  경고음 카드 찍고 앉자  시민 제안에 서울시  난색 
Social,닭다리서 시뻘건 피  뚝뚝   이걸 먹으라고요   묻자 치킨업체 꺼낸 말
Social,어느 소녀의  훈장  6 25 참전 간호장교 이야기
Social,신임 교총 회장  제자에  나의 여신님  편지 논란
Social,안산시 감사관실  너 잡으려는 것 아니니 협조해라  회유 정황
Social,폐기수순 일회용컵 보증금제 참여기업 투자금 64억원 날려
Social,작년 마약사범 역대 최다  2만명  넘어  10대 20대 여성  증가세
Social,5000원 짜리 휴대폰 보조배터리 훔친 20대  벌금 300만원 선고 왜 
Social,6년 전 출간한 김혜경 책  베스트셀러 된 이유는 
Social,충남 당진서도 내년 중 자율주행차가 승객 태우고 달린다
Social, 이재명 돕자 는 개딸들 사들이니 6년 전 김혜경 요리책 역주행
Social, 범행 목적으로 입국  러시아 소매치기 3인방에 실형 선고
Social, KTX 타고 삼척까지  삼척시  타당성 용역  가능성 높아 
Social,닭다리 뜯자 하얀 물체가  후두둑  치킨서 나온  이것 
Social,집주인 부부에 흉기 휘두른 50대 징역 18년
Social,이미 전조가 있었는데도    화성 리튬 공장  지난 22일에도  화재 
Social, 명퇴 마지막 야근날  한강에 투신한 여성 구한 경찰
Social, 23명 사망  아리셀 화재  중대재해법 입건 3명으로 늘어
Social,리튬전지 화재 참사와 김동연 지사 신발에 박힌 못  현장에서 
Social, 거리의 탈옥수   수갑 채우자  보복하겠다   판사한테 말해줄게 
Social,정족수 4명 많다면서  2인 편법  운영 민주  김홍일 직권남용 고발 예고
Social,광운대역 인근에 15층 판매 업무 숙박시설 들어선다
Social, 화성 리튬 배터리 공장 화재  사망자 23명 전원 부검
Social,김동연  대북전단 살포단체  항공안전법 위반  혐의 또다시 수사의뢰
Social,한은 입법조사처도 입장 엇갈리는 최저임금  차등적용  노사 공방전 가열
Social,안태준 의원  전세사기  근본원인부터 제거해야 
Social, 나 장교야  한 마디에 뚫린 민통선 20대 집행유예
Social,현대차 노조 6년 만에 파업 기로  7월 주말 특근 거부
Social,작년 마약사범 2만명 첫 돌파  역대 최대치   10대 여성 급증
Social, 혈액암 집단발병  서울교통공사  다음 달부터 직원 816명 조사 실시
Social,만기 출소한 오거돈 전 부산시장  기자들 질문엔       
Social, 아이들에게 엄마 잘못 아니라고 떳떳히 말할 것  대전용산초 교사 순직 인정
Social, 지하철역에서 장 보세요  서울 지하철역 4곳 농산물 판매
Social,백신없는  수족구병  확산   최근 4주간 환자 2배 이상 늘어
Social, 성 비위  박정현 교총 회장   나의 여신님   사랑해요  편지도
Social,화성 공장화재 사망자 23명 전원 부검   공장은  전면 작업중지 
Social,흔들리는 임현택 리더십  회장 탄핵안 발의되면 통과될 수도 
Social,갓길에 잠깐 내렸다가  참변  그대로 달아난 가해 차량
Social,과거 여제자에  나의 여신님  사랑해  신임 교총 회장  당시에도  유부남 
Social, 다이소 염색약 때문에   약사들 반발에 결국 손 들었다
Social,정형선 연대교수  의료계 무기한 집단 휴진 명분 떨어져 거의 소강상태 
Social, 화성 화재  아리셀  무허가업체서 외국인 불법파견 받았나 고용부  확인 중  종합 
Social,경찰 내 화성 화재현장 공방  방독장비 없이 투입  vs  그런 상황아니었다 
Social, 르포  모래 광석서 리튬 추출 폐배터리서 돈 되는 금속 뽑는다
Social,이혼 소송 아내에게 재산 못주겠다는 남편 19억 빼돌렸다 재판행
Social,불과 이틀 전에도 불    자체 진압해 신고 안 해 
Social,류희림 국회 거짓증언 의혹에 최민희  지금 급하시죠  
Social,추격전 끝 4대  쾅쾅  맨몸으로 막아선 경찰
Social,안동고용노동지청  임금 퇴직금 4억3천만원 미지급 사실 확인
Social,북  이틀 연속  오물풍선  도발 인천공항 2시간 차질
Social, 고구마 없어졌다  빨리 와라  112 허위신고 1000번한 여성
Social,냉면 팔아 100억대 모은 노모  패륜 자식이 정신병원 내몰아
Social,레이싱모델 출신 32세  한선월  사망 뒤늦게 알려진 비보
Social,서천군수 비위의혹 신고 후 생긴 이상한 일들
Social, 네 부모님 찾아가 흉기로 찌를거야  제자 협박하고 폭행한 대학교수
Social, 아빠 어디 있어요  시신 찾느라 유족들  황망 
Social, 딸  결혼 앞뒀는데   신원 확인 기다리며 가족들 오열  화성 배터리 공장 화재 참사 
Social, 현장영상    회사 관계자 3명 입건   위법 확인 시 엄중 조치 
Social, 1000원 빵집 사라지나   고물가에 폐업 잇따라
Social,위기의 자립준비청년 47   자살 생각 해봤다   18   심각하게 고려 
Social,국과수  김호중  면허취소  수치 2배 판단에도    감정 결과 충분히 검토 
Social, 귀농해서 대기업 연봉  스마트팜  생각보다 쉽지 않습니다 
Social, 빅5   3곳 휴진 철회  의료계 집단행동 동력 잃어간다 관건은 전공의
Social,노원구  상계 중계 택지개발지구 주민설명회 개최
Social,과속 차량에 신호수 사망 갓길 뺑소니 추적
Social,의료공백 막는데 건보 재정 1조 넘게 투입 현장선 제도화 요구도
Social, 허위 인터뷰 의혹  신학림  구속적부심 청구
Social, 결혼과 이혼  아내 극단적 선택 부른  불륜남   책도 내겠다 
Social, 일문일답  화성화재 수습본부  메이셀 고용보험 가입 안돼 구두 계약 체결 
Social,아리셀 공장 관계자 3명 입건 사망자 23명 전원 부검
Social,밀양 시민들도 피해자 일상 회복 위한 모금 나섰다  지지 연대 움직임 시작
Social,지인 손에 이끌려 현장 떠났다    강제 추행  오거돈 만기 출소
Social, 화성 화재  책임자 5명 입건 중대재해법 생긴 뒤  최악 참사 
Social,황정음 고소녀  합의 불발  돈 때문 아냐 전국민에게 성매매 여성 된 기분 
Social, 아리셀 화재 반복되지 말아야  시민사회 재발방지책 마련 촉구
Social, 계산은 카운터에서  이 말에 격분 여종업원 흉기로 위협한 60대
Social,서울성모 삼성서울병원도 휴진 유예  환자 불편 고려 
Social, 단독   교사 채용비리  대원국제중 교장 해임  수사의뢰
Social, 리튬  높은 반응성에 주의해야   위험성 간과한 업체 정부가 빚은     화성 배터리 공장 화재 참사 
Social,대법원 해킹   해커조직 라자루스 수사중지    사유는  피의자 불명 
Social, 얘들아  엄마 잘못이 아니란다  학부모 악성 민원에 순직 인정
Social, 떨렸어  안고 싶었어  교총회장  부적절한 편지에 사퇴론 확산
Social,민노총  화성 화재 현장서   정부가 참사 원인 
Social,첸백시  이번엔 SM임원진 사기 혐의로 고소  약속 안지켰다 
Social,합참     오물풍선 250여 개 살포 급강하 시 위험 
Social,화성 참사 대부분 이주노동자 경향  위험의 이주화  감추고 싶은 단면 
Social,강형욱  허위사실 유포 비방  허위 고소는 법적 대응 
Social,자녀 정규직 전환 대가로 외제차 받은 조합 간부 공소시효 지나  무죄 
Social, 이혼 소송 아내에게 재산 못 줘  19억 재산 빼돌린 50대 남편
Social,일제강제동원 손배 기각 결정 재판부  피고 원고 불분명 
Social,창원지법 집주인 부부 살해 미수 50대 징역 18년 선고
Social,아리셀 공장 관계자 3명 입건 시민 분향소 추모 물결
Social,불타는 공장  누구도 그들에게 살길 알려주지 않았다
Social, 포인트뉴스    구하라 금고 도난  지코에 불똥 버닝썬 재조명  
Social,6 25 때 누나와 생이별한 3살 꼬마 56년 만에 눈물의 상봉
Social, 둘레돌 없는 돌무지덧널무덤  경주서 확인 국내 첫 사례
Social, 은퇴 후 제주도에서 카페나 할까   3년도 안돼 절반 망했다
Social,민형배  검찰 돕는다 에 경기도  황당  이화영 자료제출 공방
Social,화성 지역  수원 군공항 이전 특별법 즉각 철회하라  반발
Social, 11마리 죽였다  강아지 등 입양해 죽인 20대  집유 받자 검찰 항소
Social, 6월 26일 수  오늘  서울시  오물풍선 피해지원 지침 마련 7월 10일까지 접수
Social, 사망 훈련병  운명이라 생각하라  퇴역 장군 발언 파문
Social,화성 리튬 공장  지난 22일에도 화재 났었다 당시 119 신고 안해
Social,김동연   화성 공장 화재  관련 중국 라오스 대사에 이주노동자 대책 설명
Social, 하늘자전거  탔다가 20m 공중에 고립 어린이들  벌벌 떨었다
Social,배우 출신 연극연출가 김동수 별세 향년 76세
Social, 기가   휴대폰 보는 오토바이 사고 나면 무조건  100 0  
Social,삼성서울병원도 휴진 유예 빅5 중 3곳 진료유지
Social,국정원 출신 황인수  국회 변장 출석  김광동  보호 당연 
Social,손웅정  합의금 수억원 요구  VS 피해 아동 쪽  2차 가해 
Social,42초 만에 암흑 CCTV에 잡힌 발화 순간
Social,42초 만에  암흑 된 배터리공장 4차례 폭발
Social, 공무 출장으로 적립된 항공 마일리지 약자에 기부  권익위  내년 3월까지 제도 개선
Social,서울시의회 후반기 의장에 최호정 개원 68년 최초 여성 의장
Social,원전 저장수 2 3t 누설  전문가  피폭  무시할 수준  자연  자정능력  가끔 잊어 
Social,Q   생각이 너무 많아 피곤  줄이는 방법 있을까요 마음상담소 
Social,4월 출생아 수 1만 9049명  19개월 만에 상승 반전
Social,화성 화재 사망 외국인 신원 확인 언제  DNA 결과 나와야 
Social,인천 송도서 24시간 넘게  음용 부적합  수돗물 콸콸
Social, 불륜 알릴 것  협박에 세상 등진 아내 상간남은  책 쓰겠다 
Social, 아동학대 혐의  피소  손웅정  사랑 전제않은 언행 없었다  피해자측  2차 가해  사과도 안했다 
Social, 뉴스초점  순식간에 번진 불길 사고 책임자 5명 입건
Social,전국 맑다 흐려져 제주엔 최대 150  장맛비
Social,일제 탄광 강제동원 피해자 유족   기업 상대 손배 패소
Social,부울경 잇는 동남권 광역철도 조기 구축론  부상  
Social,너무 앞서갔나 박재범  K팝 최초 성인플랫폼 진출 갑론을박
Social,최초 발화 현장 내부 CCTV  연기 뒤덮기까지 15초밖에 안 걸렸다 
Social, 뉴스잇  화성 공장 화재 사망자 23명으로 화마 연기 순식간에 번져
Social,밀양시 사과했지만  2차 가해 그 경찰  아직 현직 간부  주장 나와 오목조목 
Social, 누구세요    공부 좀   내가 더 잘했다   유치한  법사위  프레스룸 LIVE 
Social, 할아버지가 구한 나라  손녀를 구하다  해외참전용사 손녀 수술 지원
Social, 참사 전조 있었는데    이틀 전 배터리 화재 자체 종결한 화성 공장
Social,김동연  희생 이주노동자 전부 외동들   다시는 이런 일 없게 하겠다 
Social,딸 찾아 장례식장 도는 아버지    아빠와의 작별  딱 5분  허락받은 아이들
Social,맨몸에 여성 속옷 올리고 박재범  19금  파격 행보에 팬들도 당황
Social,아파트 8층서 떨어진 고양이 학대 의심 신고에 경찰 수사
Social, 위키리크스  어산지   송환 없이  자유의 몸 
Social,성매매 업소 대화 몰래 녹음한 경찰 대법  증거능력 인정 
Social,냉면 국물 세 숟갈 뜰 때쯤  진한 고깃국 맛이 올라온다
Social,가톨릭 성균관 의대 휴진  유예  정부  사직서 수리 허용 
Social,남부 흐리고 비 중부는 후텁지근한 더위
Social,범인 몰린 남성 경찰  떳떳하면 가만 좀 계세요  대응 도마에  소셜픽 
Social,조규홍 장관  의료 공백 100일 넘게 지속될 것은 예상 못 해  종합 
Social, 지하서 검은 연기가 순식간에  동대문 건축현장 화재  영상 
Social, 중학생이 성인 때리고 있어요   1호선 전동차서 40대  폭행한 중학생
Social,유부남 교총회장  제자에게  안아주고 싶다    논란되자  격려 메시지 
Social, 얼차려 중대장 구속하면   패망   하나회 출신 예비역  논란 
Social,쪽방촌엔 병원도 사치 그들에게 내민 손길
Social,  명예훼손 의혹  신학림 전 언론노조위원장  구속적부심 청부
Social, 23명 사망  아리셀 공장 관계자 3명 입건 전면 작업 중지 명령
Social,전라남도  남도에서 한달살이  최대 150만원까지 지원합니다 
Social,손웅정  사랑 전제않는 언행 결코 없었다  vs 고소인  참고 참다가 용기내 
Social,방사선 암 치료  중요하면서도 어려운 이유
Social, 뉴스초점   화성 화재  중대재해법 위반 여부 조사 처벌 수위는   
Social,충남에 이어 서울서도  학생인권조례  폐지 조희연  대법원에 제소할 것 
Social,활기 되찾은 군산조선소 완전 선박 건조는 언제 
Social,유사 무인키즈카페서 또 사고 법 사각지대에 아이 안전  빨간불 
Social, 화성공장 참사 수습본부  중처법 3명 입건 불법파견 의혹 들여다봐야 
Social, 대전 교사 사망  학부모 학교 관리자 모두  무혐의    경찰  혐의점 못 찾아 
Social, 의새  발음 논란 복지차관  의협도 같은 실수 했다 
Social, 수사기관 성매매 현장 몰래 녹음 촬영 증거능력 인정  대법
Social,가정용 리튬 1차전지도 물리적 변형 가하면 폭발
Social,취임 석달도 안 돼 2차례 사과 밀양시장  지역 이미지 회복 고심
Social,오거돈 전 부산시장 만기 출소 지인 손 이끌려 현장 벗어나
Social,공항  단골 된 의장님 외유  끝판왕  지방의회
Social, 사생활 폭로  황의조 형수  2심도 징역 3년  고의로 범행 
Social,진실화해위  6 25 전쟁 기독교인 희생사건 진실규명  인민군 퇴각기에 집단희생 
Social, 스마트폰 노트북 리튬배터리  고온 충격땐  폭탄  될수도 
Social, 사장님도 힘들어  공감하는 알바생들 62   최저임금 1만원 어렵다 
Social, 대전 용산초 사망 교사 사건  학부모 등 모두 무혐의
Social,사과하라는 한 마디에  아동학대 로 검찰 송치된 교사
Social, 불법체류자 여도 화성 화재 희생자 산재보험 보상 가능
Social,가톨릭의대 휴진 유예  전공의 사직서 수리 허용 
Social,계단 향하는 문 앞에서 불  인명피해 키웠다
Social,세종시의회 후반기 의장 임채성 1부의장 김효숙 유력   여야 원구성 막판 협상
Social,원주 출신 김완섭 전 기재부 차관  국무조정실장 물망
Social,결혼 앞둔 딸 시신 못 찾은   아버지  목걸이라도 보여달라 
Social,폭주차량에 도로 작업자 참변 교통사고 잇따라
Social,채 상병 발견장소에서 진혼제    안도현 시인  추모글 발표 예정
Social, 지원금 노린 동물병원  만삭 길고양이까지 중성화 수술 
Social, 여직원 강제추행  오거돈 전 부산시장 만기 출소
Social, 단독 일차전지 공장 84  화재관리  사각지대 
Social, 당신 딸도 줄로 묶어  대형견 유튜버   입마개 논쟁 에 실언 결국 사과
Social,여수 안도 갯바위 낚시객 사망 해상서 심정지 상태 발견
Social,화성 화재 사망자 3명만 지문으로 신원확인 나머진 DNA 대조해야
Social, 화성 화재  마지막 발견 사망자는 40대 한국인 신원 확인
Social,7월 8일부터  의대 입시시계  돌아간다 재외국민 원서 접수
Social,내 집 마련 꿈 날린 부실시공  알고보니 불법 하도급 
Social,중국인 다녀가면 제주 편의점  초토화   미치지 않는 게 이상할 정도 
Social,5만원권 컬러복사한 50대 복권 사고 택시 타는데 써
Social, 12사단 GOP 총기사망  김 이병 괴롭힌 간부 선임병 혐의 부인 이병 부친  가해자들 뻔뻔한 태도 용서 못 해 
Social,옥천서 분뇨 차량 경사면으로 굴러떨어져 60대 사망
Social,무비자 제주도 입국해 이탈한 중국인 등 공범 5명 검거
Social,대전용산초 교사 사망   경찰  학부모 교장 등  불송치  결정
Social, 화성 배터리 공장 화재  마지막 시신 오늘 부검
Social, 장사 못하게 해줄게  협박에 신고했지만 경찰은 불송치
Social, 두 딸 보면 눈물  밀양 가해자  결백  주장 판결문 보니  반전 
Social, 영상   차까지 몰고 와서  음식물쓰레기 원정 투기 들키자 다시 챙겨간 여성
Social,시범 사업 마친 기후동행카드 본격 가동  1인당 월평균 3만 원 절감 승용차 이용 줄어 
Social,화성 화재 사흘째 오전부터 이어진 추모객 행렬  가슴 먹먹해 
Social,손흥민 부친  아동학대 혐의 피소  사랑 전제 안된 언행 없었다  반박
Social,삼성서울병원  서울성모병원도 휴진 유예하기로 종합 
Social,2천 명 어디서  교육 어떻게   의대 증원  청문회서 답 나올까
Social, D리포트  보험금 노리고 새벽시간  쾅  20대 남성 2명 구속
Social, 현장EN  박세리    갈등 속 올림픽 해설  쉽지 않았지만  
Social,야당  의대 2천 명 증원 근거 밝혀야  정부  여러차례 논의 거친 것 
Social,경남 부산 울산 시도지사  정부에 광역철도 조기구축 건의
Social,강형욱  논란 한 달 만에  마음 많이 다쳐 허위 고소엔 대응 
Social, 임산부석에 카드 찍고 앉자   시민 제안에 서울시 난색한 이유
Social, 단독   화성 참사  공장 하청업체도 중대재해법 위반 입건
Social,인천공항에 떨어진 북한 오물풍선  항공기 운행 3시간 지연
Social,대전 용산초 교사 순직 사건 학부모 학교관계자  혐의 없음  결론
Social,강형욱  성실히 조사 임해 진실 밝힐 것 허위사실 유포 비방 법적대응 
Social, 거리공원 지하에 주차장 조성  이목 쏠려
Social, 얼굴도 모르고 보냈다  화성 사망 노동자  불법 파견  가능성
Social,노동부  아리셀 파견근로자 공급 업체 산재보험 미가입 
Social,  이틀 연속 오물풍선 살포    올 들어 6번째
Social,백종원 점검 했다더니  홍콩반점 탕수육  젤리처럼 굳었다  실망
Social, 자막뉴스   합의금 수억 요구  vs  2차 가해  손웅정 감독 아동학대 혐의 피소
Social, 여권몫  인권위원 6명  전례없는 전원위 보이콧 파행 불가피
Social,가톨릭 성균관 의대도 휴진 유예   정부는 원칙 대응 강조
Social,110억 원짜리  태극기 불꽃 조형물  광화문광장에 세운다 시민들 반응은
Social,치킨서 빨간 피 뚝뚝 흐르는데 본사는  먹어도 돼 
Social, 음주 뺑소니  김호중 7월 10일 첫 재판 음주 운전 혐의빠졌다
Social, 참담하고 부끄러워  강형욱  훈련사 복귀 소식 갑질 논란 한 달만
Social, 주변 강요로 음란물 촬영 가능성   한선월  사망 소식에 누리꾼 시끌
Social,이주노동자들  한국서 일하다 죽는 것  남 일 아냐 
Social,교사 94   정서 위기학생으로 수업 불가능 경험 
Social,어린 딸 2명 데리고 온 부부  삼겹살 술 6만원어치 먹튀 영상 
Social,경찰   불법 리베이트 의혹  안양 병원 압수수색
Social, 온실가스 9615t 감축  효과 서울시  기후동행카드 다음 달 본 사업
Social,최태원  세기의 이혼  판결 경정 재항고 미리 보는 대법 본안소송 되나
Social,유사 키즈카페서 6  가시 찔린 초등생  환불해줬으니 책임졌다 
Social,서천군수 가족  농지 산지 불법 전용 매립 파장 일파만파
Social, 돌진 차량 에 신호수 숨져    칠곡에선 갓길  뺑소니 사고 도  앵커리포트 
Social,경북대 총장선거 2차 투표서 역전한 허영우 교수 비결은
Social, 말 한마디 없이 전원시키고 입원비 마련하라니  
Social,논산 민선8기 2년  전국이 주목하고 세계가 놀란 논산 됐다
Social, 힘들어서 그만 두려고  다음날  화성 참사  남편은 오열했다
Social,작업실 한쪽서  시신 21구  발견  대피 못해 질식 
Social, 도태우 장예찬 복당 받아들이면 당이 우스워질 것 
Social, 대여섯 명이 밀었다    이임재  이태원 참사 또 시민 탓
Social,스터디카페 무료간식 싹쓸이한 여학생  1만원 내라 했더니 친구들과 깽판 
Social,목숨 끊은 여교사  악성 민원  학부모도  교장 교감도 전부  무혐의 
Social,70대 교직원 사망에 충북도교육청 철제 교문 조사    49개교가  위험 
Social, 네 부모 흉기로 찌른다  제자 노예로 부리며 살해 협박한 대학 교수
Social,전주서 차량 절도로 검거된 거제  살인 용의자  구속 혐의는 
Social, 족적 99 9  일치  검찰  20년 전 영월 피살 사건 피의자 영장
Social,인가 받은 정원 16명에 원아 408명  유치원 정보공시  오류 투성 
Social,교사 스토커로 허위 신고한 학부모  자녀 학대 혐의 구속송치
Social,민주노총  최저임금 차별적용 폐지  기습집회 중 23명 체포
Social, 화성 화재  공장 인력 공급업체  아리셀에서 작업 지시 지휘 
Social,연기나더니 31초간 4번 터졌다 CCTV에 담긴  화성 화재  첫 폭발
Social,다이슨 반값에 판매한 온라인 쇼핑몰   배송도 환불도 감감무소식
Social,대법원  위장 손님 경찰관의 녹음 촬영  증거 능력 인정 
Social, 영상   끼이이익  하더니 뒤집힌 차량  뿌연 연기  뿜어내며 광란의 질주  집 앞에서 생난리  또 나타난 기념일 폭주족
Social,110억에  아리팍  펜트하우스 산 주인공은  뮤지컬 톱스타  홍광호
Social,제주로 무비자 입국한 중국인  여수서 선원으로 일하다 검거
Social, 안전이 제일  구호 외치는 게 교육 외국어 자료도 희귀
Social, 참담함 느껴  회사 접는다  강형욱 심경 고백
Social,현대차 노조  다음주부터 특근 거부  임협 교섭 27일 재개
Social,강형욱  허위 고소자 법적 대응 훈련사다운 모습으로 보답 
Social,화성 공장 피해자들  보상 어떻게 고용 산재보험 가입 안됐다 종합 
Social, 왜 한국으로 일하러 가겠나    화성 화재에  누리꾼들  최저임금  비판
Social,동대문 아파트 건축현장 화재 검은연기 속 40명 구조 대피 종합3보 
Social,황의조 형수 반성문에도  반성 없다  2심도 징역 3년
Social,캐시 박 홍  제도와 역사 주목하면 차별이 보인다  2024 경향포럼 
Social,칠곡 중앙고속도로 갓길서 뺑소니 60대 숨져
Social, 화성 화재 현장에 방독 장비 없이 배치  사지로 내몰아  경찰 폭로
Social, 할아버지가 구한 나라  손녀를 구하다  해외참전용사 손녀 수술 지원  보훈기획  
Social,화성시  아리셀 공장 화재  희생자 합동분향소  4곳 마련
Social,화재 현장 얼마나 처참했으면    정부 장례식장  시신 숫자 집계도  혼란 
Social, 날씨 오늘 제주  내일 남부 장맛비 주말엔 중부도 본격 장마 시작
Social, 우리 딸 어디 있나요  찾아 헤매는 가족들 빈소도 없이 통곡
Social, 손흥민  아카데미서 봉으로 맞았다   발칵  손웅정 감독 아동학대 혐의 피소
Social, 한국인 꺼리는 위험 업무  외국인 근로자들이 떠맡아  참사 또 벌어질 수도 
Social, 자막뉴스 멀고 험한 글로컬 충북대 VS 한국교통대  팽팽 
Social, 대형견 입마개  부탁에  당신 애들 묶고 다녀라  유튜버  결국 사과
Social,기동카  7월1일 정식 출시 오세훈  세계적 인정받는 교통카드될 것 
Social, 갑질 의혹  강형욱  진실 밝혀낼 것 허위사실 유포는 법적 대응 
Social,환자단체  의대 증원 찬반속에 우리들만 죽어가고 있어 
Social, 엉덩이 1번  구레나룻 2번  아들 멍에  축구 배워야 하나 
Social, 뉴스UP   대피로에 리튬 더미라니    화재 감식사가 본 CCTV
Social, 이재명 수사 관련 자료도 거부  경기도  민형배 비판에  발끈 
Social,정부  화성 화재 사망자 3명 신원 확인 아리셀 공장 관계자 입건 
Social, 화성 화재  아리셀  외국인 노동자  불법파견  했나
Social, 단독   한국선  간이식 돈 안 된다  눈총    오니  헌신에 감사  엄지척 
Social,영화배우 목격담 쏟아지던  해운대 포장마차촌   60년 만에 역사 속으로
Social,CBS 인구 포럼서 모인 여야  한 목소리로  저출생 극복해야 
Social,손흥민   손웅정  아동학대 혐의로 피소  사랑 전제 
Social,구청이 해주는 소개팅  대박  상견례때 100만원  결혼하면 축의금 전세금 쏜다
Social,한달 만에 강형욱  훈련사 삶 전념할 것 허위사실에는 단호히 대응 
Social,화성참사 공장 앞 울분  죽으러 이 땅에 오지 않았다 
Social, 황재균 이혼했대  야구 중계중 나온 발언에 지연이 밝힌 입장
Social,유소년 선수 체벌  손웅정  아동학대 혐의로 피소
Social,홍준표의 꿈  프러포즈 공원      장소 없어서 결혼 못하나  비판
Social, 24년 함께 한 아내지만 재산 분할 싫어  18억 빼돌린 남편 기소
Social,카페 음료 컵홀더 60만개에  코인 리딩방 사기주의   문구
Social,의료계 휴진 바람 멈추나 삼성병원 교수들도 휴진 유예 종합 
Social,강형욱  제 마음 많이 다쳐  허위고소엔 법적 대응 
Social, 여직원 강제 추행  오거돈 전 부산시장 오늘 만기 출소
Social,필수과 의사 연봉   는 10억대  한국은 1억 4억
Social,민주노총  조합원 23명 연행에  즉각 석방해야  반발 종합 
Social, 뉴스현장  손웅정  수억 합의금 요구  vs 고소인 측  2차 가해 
Social, 더러워서 숨도 못 쉬겠네  저가 항공사 기내 위생 논란
Social,아리셀 대표 등 3명  중대재해처벌법  위발 혐의 입건
Social,10월부터 서울 시내 자율주행 새벽버스 다닌다
Social,국과수  김호중 면허취소 수치 2배  검찰   음주운전  혐의 없음
Social, 단독   조민 입시비리 위증 혐의   서울대 직원  지금은 이성윤 보좌관
Social, 사이테크    장내 미생물 대사산물이 폭음 막아준다 생쥐 실험서 확인 
Social, 개통령  강형욱  부족한 대표였다 회사 접고 훈련사로 
Social, 의대 증원에 학부모 2명 중 1명  의대 진학 관심 
Social,정부 여당 뜻대로 했으면  화성 참사  아리셀  중대재해법 피할 뻔했다
Social,대형견 입마개 요청에  딸들도 묶어라  12만 대형견 유튜버  결국 사과
Social, 화재 현장 유해물질 가득한데 마스크만 쓰고 근무  경찰 폭로글에  발칵 
Social,서울성모병원 등 가톨릭의대 교수들도  무기한 휴진 유예 
Social, 동물병원 지원금 타내려 임신한 길고양이 중성화 수술  의혹 제기
Social, 목걸이 한 우리 딸  제발 찾고싶은데    아무도 안 도와줘 
Social,김동연   확실한 산업안전과 이주노동자 대책 세우겠다 
Social,의학교육평가원장  의대증원 전 교육여건 평가 없었어 
Social, 출격합니다    박세리    고소 아픔 딛고 전한  반가운 근황 
Social,인천시민      총리실 직속 수도권 대체매립지 전담기구 설치  공약 이행하라 
Social,인천공항에 북한 오물풍선 추락 3시간 이착륙 중단 소동
Social,폭주족에 점령된 광주  구경하던 10대  날벼락 
Social,리튬공장 불나고 31초  그때 달려나가야 했다  6월 26일 뉴스뷰리핑 
Social, 업종별 최저임금 차등 적용  본격화  40년   회귀   지급여력 안 돼 
Social,매출 74억 아리셀  보험금은 294억 1인당 보험금 1억5000만원 배터리공장 화재 
Social, 대치동 굳이 왜 가요   서울대 고집 않는 잠실엄마
Social,박민수 복지부 차관  의사단체 집단행동 예측하고 있었다 
Social, 단독 국회 한복판에  오물풍선 떨어졌다
Social,속초해수욕장 대관람차  속초아이  철거 명령
Social,대형견 입마개 요구에  딸도 묶어라  12만 유튜버 결국 사과
Social, 단독  새벽에 초등학교 인근서 음란행위 서울시 공무원 체포
Social, 우표처럼 생겼는데 신종 마약  40대 미국인 구속 송치
Social, 토크와이드    기초의회 해외연수 논란  왜 반복되나 
Social, 유해물질 오염 현장 KF94 마스크 쓰고 사지로 내몰아  vs  방진 장비 지급 
Social,강남 한복판에서 쓰러진 여성  알고 보니 마약 소지자
Social,손흥민 부친 손웅정  아동학대 혐의 피소  사실과 다른 부분 많아 
Social, 역대 최악의 선고  개 고양이 11마리 잔혹 살해한 20대  집유 
Social,정부  화성 참사 아리셀  구두 도급계약 추정   불법파견 조사 
Social,컬러복사기로 만든  공돈  25만원 복권 사는 데 쓴 50대  결말은
Social, 며칠만 일하면 3000만원   지게꾼 알바  뛰는 겁없는 20대
Social, 황의조 영상 유포 협박  형수  2심도 징역 3년  반성 없어 
Social, 인터뷰  화성 참사에 산산조각   15년 타향살이 부부의 꿈
Social,손웅정 감독 코치진 아동학대 혐의 피소  고소인 주장  진실과 달라  해명
Social,부산항 신항 송도 개발 첫 발 축구장 38배 부지 조성한다
Social,구미서 포터 트럭이 주차된 버스 들이받아 80대 사망
Social, 사생활 폭로 협박  황의조 형수  2심도 징역 3년
Social, 단독 포항 최대 규모 골프장서 100억원대 회원권 판매 사기 의혹 터져
Social,광주서 폭주족 구경하던 10대 3명 돌진 차량 치여
Social,김동연  중국 라오스 대사와 통화 화재참사 수습과정 설명 
Social, 연합뉴스 이 시각 헤드라인    18 00
Social, 네 딸도 묶어 다녀라   12만 대형견 유튜버  입마개 요구 논란에 결국 사과
Social,리튬배터리 3만5000개 모두 폭발 42초 만에 연기로 앞 못 봐
Social, 화성 화재 현장  KF94 쓰고 근무했다  경찰 내부 비판 글 보니
Social, 나의 여신님    안아주고 싶다  교총 회장이 제자에 보낸 편지 추가공개
Social, 출근하지 않아 죽음 면해  한국인 기피 일자리 외국인이 채워  외신보도 잇따라
Social,백혈병 아내 세상 떠나자 남편 투신시도 28층 빌딩서 극적 발견
Social,42초 만에 공장 내부  암흑  23명 사망 화성 공장 화재 원인은
Social, 동물병원이 지원금 타내려 만삭 길고양이까지 중성화수술 
Social,성매매 단속 중 비밀녹음 업소 촬영 대법  증거능력 있다 
Social,이귀재 위증  법정 인정  교육감 재판 변수 될까 
Social, 글로벌 도시 꿈꾸는 부 울 경  우주항공청 날개 달고  글로벌 우주항공 수도  경남  꿈꾼다
Social,손흥민   손웅정 아동학대 혐의 피소  사실관계 다른 부분 많아 
Social,캐나다서 온 책 사이에  우표 모양 종이  신종 마약이었다
Social,담배꽁초  휙  던지자 곧이어 화재 경찰 시민 합심해 진압
Social,6 25 때 헤어진 3세 15세 남매  56년 만에 극적 상봉  126명 모두 조회 
Social, 이런 절도는 처음  봉투 꺼내더니 영화관 얼음 몽땅 털어간 남성
Social,밀양시  피해자와 가족들 그리고 상처받은 모든 국민께 깊은 사과 
Social, 영화 티켓 1만 5천 원으로 일제히 인상  시민단체  멀티플렉스 3사 공정위 신고
Social, 대화는 무의미  박단 전공의 비대위원장  청문회 불참
Social,  명예훼손  허위 인터뷰 의혹  신학림 구속적부심 청구  상식과 달라 
Social, 영화관 얼음 훔쳐 가는 인간도 있나  셀프 기계서 한가득 절도
Social, 우표인줄 알았는데  책 사이에 끼워진 종이  알고 보니  신종 마약 
Social, 운명이라 생각하길   얼차려 중대장 두둔한 퇴역 중장에 유족 분노
Social, 단독 소방당국  3월에 이미 아리셀 3동 화재 경고했다
Social,부검 끝난 뒤에야 볼 수 있다   애 아빠 보여주세요  유족 절규
Social, 피소  강형욱이 낸 입장문  부족한 대표로 부끄러움 경찰 조사 성실히 임할 것 
Social,화재 현장에 등장한  물 양동이  CCTV 봤더니  잇슈 키워드 
Social,김동연  화성 화재 희생자 조문 뒤  확실한 산업안전과 이주노동자 대책 세우겠다 
Social, 엄마 매정하게 떠난 거 아냐   악성 민원  끝에 숨진 교사  순직 결정
Social,   명예훼손 허위 인터뷰 의혹  신학림 구속적부심 청구
Social,합참  북  어젯밤 오물풍선 250여 개 살포 
Social,인천 송도 상수도관 파열 여파로  식수대란  기나긴 배급줄
Social,23명 목숨 앗은  하얀 석유  배터리 강국  매뉴얼도 없다  view | 화성 리튬공장 참사 
Social,대형개 입마개 요구에  딸 줄에 묶고 다녀라  12만 유튜버 사과
Social,임태희  의대 증원에 초등생들도 영향 중고생 의대 열풍 과열 
Social,화성 아리셀 공장 화재 사망자 23명 전원 부검 경찰  사인 및 신원파악 명확하게 
Social,앵  낯선 놈들의 습격  생태계 혼란
Social, 깡패 데려와 장사 못하게 해줄게  협박에 경찰 신고했지만 
Social, 조선왕조실록 의궤 톺아보기 기생 신분서 연산군 애첩으로 조선을 뒤흔들었던 악의 화신
Social,음주운전 차량 몰수 특별단속 1년 음주운전 적발 건수는 그대로
Social,서울시 기후동행카드 7월1일 본격 시행 월 3만원 아끼고 온실가스도 줄여
Social, 1년이나 참았는데 더 기다려야  참사 발생한 오송 지하차도 재개통  무기한 연기 
Social, 최저임금 인상 촉구  차별 적용 반대   민노총 기습시위 조합원 20명 연행
Social, 피의자 모친에 성관계 요구  경찰관 1심 실형에 항소
Social, 단독   질 좋고 싼 한국 의료  이번 사태로 무너질까 걱정 
Social, 단독  1천 번 넘게 해외출장 가며 240억 쓴 지방의원들
Social,오늘 국회서 의정 격돌 복지부 장관 임현택 의협회장 첫대면
Social,한밤 고속도로서 31km 역주행 차 안에선 주사기 2개 발견
Social, 손웅정 감독 코치  때리고 욕설    아동학대 혐의로 피소  지금이뉴스 
Social, 의대  인문학적 소양 갖춘  성찰하는 지식인  길러내야 
Social, 나 거기서 연예인 봤잖아   해운대 포장마차촌  60년 만에 역사 속으로
Social,돌고 돌아 또  왜 2천명   정부  의사 이어 국회 설득 나선다
Social, 크랩  왜 이거 먹고 배탈 났단 사람이 많을까 
Social, 인터넷 와글와글  최태원  탄원서 낸 아들과 어깨동무
Social,기후동행카드  7월 1일 본사업   1 7일 단기권 나온다
Social,수차례 전조 무시한     정부  배터리업체 500곳 안전점검
Social,윤대원 일송학원 이사장 별세 국내 첫 췌장 이식수술 성공
Social,경실련  아파트 공시가격 정부 마음대로 산출 근거 공개해야 
Social,대전 용산초 순직 교사에  악성 민원  학부모 등 불송치 결론
Social,분양가 1억원대 광양 아파트 시행사 부도에  뒤숭숭 
Social,갓 전역 20대   헬스장 화장실 갔다가 성추행범 몰려    그런데 경찰서 게시판 난리 왜 
Social,장마철 맨홀 정비 작업하던 50대 노동자  추락해 사망
Social,단속 경찰  성매매 업소 몰래 녹음 촬영   대법  적법한 증거 
Social, 식당서  손님 10명  돌아가며 아이 돌보는 모습이 너무 멋져 보였다   영상 
Social,손님 위장한 경찰이 성매매업소 촬영 비밀 녹음 대법  증거 능력 있다 
Social, 중국섬  되는 제주도    타이완 언론 경고 앵커리포트 
Social, 학부모 2명 중 1명  의대 진학 관심 
Social, 민주당 독점 체제  광주 기초의회  의장 선출 놓고 잡음
Social, 가담 사실 없다  허위 인터뷰 의혹 신학림 구속적부심 청구
Social,강형욱  깊은 반성 경찰 수사로 진실 밝힐 것 
Social,제주 오늘부터 일주일간 장맛비 내일 시간당 30 
Social,화성 공장화재 진상 규명 촉구   강제수사도 임박
Social,최근 한 달간 수족구병 환자 2 3배 늘어    일본 대만 싱가포르서도 유행
Social,한밤의 질주  인천 과속 차량에 60대 노동자 치어 숨져
Social, 최초 발화 42초 만에 칠흑 같은 어둠으로   아리셀 화재 당시 CCTV공개
Social,도심 오토바이 폭주 차량 충돌사고로 4명 부상
Social, 김호중  면허취소 수치 2배  국과수 소견에도  음주운전 혐의  빠졌다
Social, 전격시사  이상윤 변호사  참여연대 민생희망본부     스팸 문자 급증 에 수사 의뢰까지 원인은 
Social, 의료 리베이트 의혹  경찰  경기도 종합병원 압수수색
Social, 입양한 개 고양이 11마리 학대 살해범에 고작 집행유예  검찰 항소
Social,구로구 SNS 캐릭터 카톡 이모티콘 16종 제작
Social,고려제약 연루만 1000명인데  올해 리베이트 행정처분 의사  0 
Social, 내 연인이 시켜서 사람 사냥  두 10대 소녀의 철없는 살인
Social, D 2  최저임금위   차등적용  결론 못 냈다 법정기한 또 넘길 듯
Social,조규홍 임현택   의료 비상  국회 청문회서 첫 대면  공방 예고
Social,1년 채 안된 공무원이 어쩌다  로봇 주무관  계단서 뛰어내려 파손 
Social,주말부터 중부 장마 시작 7월 첫 주 내내 비
Social, 15년간 지배 당했다  일가족 가스라이팅 성폭행 무속인  또 고소 당해
Social,42초 만에  암흑천지    참혹했던 최초 발화 순간
Social, 깡패 데려오겠다  협박에 신고 경찰  피해자조사 없이 불송치
Social, 심층  군번 없는 6 25 참전 육사 생도 국가의 예우는 
Social,내일부터 제주 남부  물 폭탄  열흘 동안  비비비 
Social,박재범까지  속옷 덮고 찰칵 19금 성인 플랫폼 진출  갑론을박
Social,민주당  검사탄핵  비판한 대장동 의혹 수사검사  보복이자 사법방해 
Social,참사 취재하던 기자가  아리셀 유가족 이 됐습니다
Social,백종원 점검했다더니  홍콩반점  탕수육 식어서 소스가 젤리상태 
Social, 손가락 모양  건물에 부글부글 2 600억 들였는데 흉물로
Social, 9억 돌려줘  황정음  이혼  이영돈에 민사소송 제기
Social,마지막 수습 시신 1구 신원 확인 40대 한국인 남성
Social,음주측정 거부한 운전자의 최후 차에서 강제로 끌려나와
Social,속초해수욕장  대관람차  철거 본격화 운영업체에  해체  명령
Social,윤 대통령  영남대  새마을   극찬 화제
Social,교사도 임용시험 합격 후 수습 거친다  현장 적응력 강화 
Social,수요일 새벽부터 장마 본격화 제주 남해안 집중호우 가능성
Social,부산항 신항 서컨 2 6부두 TC  HJ중공업이 제작한다
Social,금은방서 30초 만에 귀금속 7000만원어치 턴 2인조 징역 3년
Social,대형견 유튜버  입마개 요구에  딸들도 묶어 다녀라  발끈 누리꾼 뭇매에 결국 사과
Social, 화성 화재  아리셀 인력공급 하청업체  거짓말 불법 파견 인정하라 
Social, 밀양 어른들  현금 들고 찾아와    20년만에  여중생 성폭행  사과
Social,반포 펜트하우스 최고가인  110억 에 매입한 주인공은 
Social,기피해도 의결  강행   2인 체제  문제점 또
Social,폭주족 구경하던 10대들  날벼락  돌진한 차량에 3명 다쳐
Social, 이혼했대  헛소문 언급  야구 해설위원  황재균 지연에 죄송 
Social,경찰  화성 화재현장서 마스크만 쓰고 근무했다  폭로글에 발칵
Social,김광수  정무부교육감 지금이 적기   의회 결정 따를 것 
Social,전직 레이싱 모델 한선월  자택서 돌연 사망 무슨 일 
Social,자백 합의했지만 황의조 형수  2심 징역 3년 이유는 종합 
Social, 어려우면 도움 요청하세요   복지위기 알림 앱  26일부터 전국 시행
Social, 북한 오물풍선  이틀간 경찰 신고 180여건
Social,국내 첫 췌장이식   윤대원 일송학원 이사장 별세
Social,개 고양이 11마리 입양해 죽였는데  1심 집행유예
Social,백종원 직접 나섰는데도  홍콩반점 탕수육  젤리처럼 굳어  불만
Social,귀금속 7000만원어치 터는데 걸린 시간  30초     30대 2명 징역 3년
Social,현대차 노조  파업권 확보 이어 주말 특근 거부 결정
Social, 사건 해결해줬으니  피의자  에 성관계 요구한 경찰  1심 실형에 항소
Social,  희생자 발생에 싱하이밍     뼈아픈 교훈 얻길 
Social,파타야 살인사건 첫 재판 피고인 측 혐의 전면 부인
Social,최태원 노소영 법정 밖  수싸움    상고 재항고에 가처분 취하까지
Social,홍준표 시장  셀카 한동훈 또 직격  오세훈 같은 미남이 찍는 건 이해 
Social, 지옥에서 살아남았다  끔찍 학대 버텨낸 덕성원 피해자들  지금은  현장탐사 
Social,하나회 장군  얼차려 훈련병 유족에  운명이라 생각하라  중대장 잘못없어 
Social, 인터뷰   해킹  유출  통신사  스팸 문자 급증  반드시 수사해야 
Social,수년간 악성민원 시달리다 숨진 대전용산초 교사  순직 인정 
Social,20년 미제사건 풀리나 영월 조합원 피살 용의자 구속영장 청구
Social,화성 화재현장서 수습한 사망자 23명 전원 부검  종합 
Social, 학부모 민원  용산초 교사 사건  무혐의  교원단체 분노  전면 재수사해야 
Social,포스텍  초전도체 양자속박상태 새로운 조절법 찾았다
Social, 소위 의결정족수  기자회견 연 김용원 이충상 왜 시급한지 설명 못했다
Social,대법원  경찰이 손님 가장해 성매매 업소 몰래 녹음  증거로 유효 
Social, 단독   흉기 들었다  11차례 신고  처벌 불원 이라고 수사 끝
Social,의대증원 2000명  디올백 이천공  때문  복지장관  잘못된 소문 
Social,북한  대남 오물 풍선 또 살포 올들어 여섯 번째
Social, KF94 마스크 쓰라며 화재 현장으로 내몰아   경찰 내부 폭로
Social,광주시  일곡공원 건축폐기물 불법 매립 없다 
Social, 의새  의도한 것 아닌가  지적에 복지차관  격무에 체력 떨어져 발음 실수 
Social, 강제추행  오거돈 전 부산시장 출소 지인 손 이끌려 떠나
Social, 르포   꺼진 불도 다시 보자  광주시  배터리 생산업체 안전점검
Social, 화성 화재  외국인 희생자 16명 유족 국내 거주 신원확인 탄력
Social,발화부터 완진까지 22시간 초기 탈출 못 한 이유는 
Social, 풀리면 재미있을 거야  사생활 폭로 협박 황의조 형수 2심도 징역 3년
Social, 수족구병  비상    지난 한달 환자 2 3배 증가  영유아 90  차지
Social,흉기 들고 부산대역 배회한 20대  검찰 징역 6년6개월 구형
Social,성대 의대 교수들도 휴진 유예  환자와 국민을 위한 결정 
Social,수술 없이 4번 만에 폐암 제거 통증 없는  중입자치료  뭐길래
Social,서울시의회 역사 새로 썼다 후반기에 첫 여성 의장 최호정
Social, 의사 집단행동 중증환자에 가혹  피해 신고 80 가 상급종합병원
Social,정부   예방 치료 회복  마음건강 3단계 전주기 챙긴다
Social,삼성서울병원도 무기한 휴진 유예  빅5  3곳 진료유지 종합 
Social,보험금 노리고 쾅  적발 금액만 연 5476억  경찰  민관과 팔걷었다
Social,교총 신임 회장  여고생 제자에  사랑하고 또 사랑해 
Social,모녀 한번에 죽인 박학선  결별 통보에 연인 딸부터 살해
Social, KF94 쓰라며 사지로 내몰아  화성 현장 투입 경찰 글 논란
Social,같은 학교에서 또 교사 성비위 뒷북 전수조사
Social, 함정단속  인정 대법  단속차 성매매업소 촬영 녹음 적법 
Social,제대로 된  안전장치  없이 위험업종 채우는 외국인 근로자들
Social,작업중지명령 내려진 화성 화재 공장 강제수사 임박
Social, 여중생 성폭행  어른들 잘못  20년 만에 고개 숙인 밀양
Social,고의 교통사고 내고 금감원 민원까지 제기   20대 2명 구속송치
Social,영랑호수윗길 부교 철거 찬반 논란 가열
Social,화성시   아리셀 공장 화재  외국인 유가족 입국 지원
Social,개 고양이 11마리 입양해 살해한 20대   집행유예  동물단체  최악 선고 
Social,이 시각 장례식장 신원 확인 안 돼  발만 동동 
Social,고속도로 30km 역주행   잡고 보니  마약 
Social, 영상 유포 협박  황의조 형수  징역 3년 피해자  엄정 수사 촉구 
Social, 불날까 봐  전기차도  선풍기도 무섭다는 시민들  리튬 포비아  확산
Social, 낮은 수가에  한국서 중환자실 운영하면 40  손해 
Social,중국자본 재유입 국제학교 밀집으로 제주 부동산경기  꿈틀 
Social,책 사이 꽂힌 화려한 우표 알고 보니 신종 마약 
Social, 구더기 치킨  업주  매일 신선한 닭 튀기는데   논란 반박
Social,북한  평양서 탄도미사일 발사  극초음속 시험발사 실패 추정 
Social, 정규직 대가  외제차 받았는데   공소시효 만료돼  무죄 
Social,놀이터에 입마개 목줄 없는 맹견이 견주  지적 받자  나 알아요  
Social, 23명 사망  아리셀 공장 관계자 3명  중처법  입건 전면 작업중지 명령
Social, 일본 변호사는 소록도에 직접 가겠다더군요  제가 얼마나 창피하던지 
Social, 대전용산초 교사 사망  무혐의 처분에 교원단체 경찰 수사 규탄
Social,오늘부터 제주 남부  물 폭탄  열흘 동안  비비비 
Social,한 달 간 수족구병 환자 2 3배 증가 90 가 영유아
Social,성대의대 교수들도 일단 휴진 유예  휴진 가능성은 열어둬
Social,유튜버  한선월   자택서 숨진 채 발견  타살 혐의점은  
Social,두 달 동안 112에 1천 번 넘게 전화 50대 남성 구속
Social,또 다시 한동훈 때린 홍준표  어설픈 판단으로 어깃장 정치 잘못 배워 
Social, 사반 제보  딸들과 함께 외식 나선 부부   6만6천원어치  먹튀 
Social,개 고양이 11마리 잔혹살해한 20대    집유    역대 최악의 선고 
Social,최초 폭발 42초 만에  암흑  화성 화재 당시 CCTV 공개
Social,화성 공장 화재 사망자 3명 한국 국적 확인 공장 관계자 입건
Social,종부세 폐지 움직임에 부산 옛도심 지자체들  재검토 촉구
Social, 폭발 위험  리튬 배터리 화재에 물 뿌렸다 진화 방법 논란
Social,허재 아들 허웅  전 여친 고소  결별 뒤에도 금전 협박 
Social, 이시각헤드라인  6월 26일 라이브투데이2부
Social,황의조 형수 2심도 징역 3년  확정적 고의 범행 
Social,배달음식 급증 저녁시간   불법 이륜차 무더기 적발
Social,의협회장  의료공백은 복지부 탓  vs 정부  진료거부는 부당 
Social,가정사 범죄피해  성행위 묘사까지  사생활 도용  소설  결국 판매 중단
Social, 엄마 잘못 아니라고 이젠 떳떳하게  대전 용산초 교사 순직 인정
Social,개인회생 신청 역대 최대  일 처리할 법관 수는  제자리 
Social, 영상유포 협박  황의조 형수 2심도 징역 3년  반성 없이 2차 가해  종합 
Social,국내 최초 췌장 이식수술 성공  윤대원 일송학원 이사장 별세
Social,작년 마약사범  2만명  첫 돌파  10대  1년만 3배 급증
Social, 순직 인정 다음 날 학부모 등 무혐의 처분  반발 무마 얕은 수  종합 
Social, 직원에 고소당한 강형욱  진실 밝힐 것  제 마음도 많이 다쳐 
Social, 복권 사는데 사용     컬러복사기로 5만원권 복사한 50대 최후
Social,  오물풍선  인천공항에 떨어져  3시간 동안 이착륙 중단
Social, 성범죄 도시  오명에 고개 숙인 밀양시
Social,서울성모도 휴진 유예   의료계  무기한 휴진 보류 확산
Social,과방위  박민 KBS 사장 고발 건 상정
Social,국가대표 보디빌더 류제형 갑작스레 사망 향년 44세
Social,공장 내부 구조 몰랐나 희생자 다수  출구 반대편  발견
Social,화성 리튬공장 관계자 3명 중대재해법 등 입건 작업중지 명령
Social,수도권매립지 대체 매립지 공모 또 실패
Social,아리셀 공장에 전면 작업 중지 명령 3명 입건 수사 착수
Social, 영상   손흥민 아빠  손웅정  아동학대 혐의 피소   진실은 
Social,2026학년도 의대 정원은  정부  9월까지 인력 추계방안 확정  종합2보 
Social, 언론  화성 참사 희생자 대부분 30 40대 조선족 시급 9860원 
Social, 입양한 반려동물 11마리 학대 살해  20대 남성에 집행유예
Social,출근길 숙취 운전 경찰관 감봉 3개월 징계
Social,화성 공장화재 사망자 23명 부검   신원 확인 빨라질 듯
Social, 어디로 가서 찾아야 하나  신원 확인 못한 유족들 오열
Social, 화성공장 참사 노동단체  아리셀  도급업체 위장 불법파견 의혹 
Social,박경귀호 아산시정 2년 평가  극과 극 
Social, 직원 강제추행  오거돈 전 부산시장 만기 출소
Social,서울 밖은 안되는 기후동행카드 본사업도 경기 인천에선 별도 요금 내야
Social,제자에  안아주고 싶어    신임 교총 회장 손편지 추가 공개
Social,결혼 앞둔 공무원  알고 지내던  와 성관계 몰래 촬영했는데  법원  집행유예 
Social,김동연  화성 화재 사고  이태원 참사 떠올라 반면교사 삼아야 
Social, 일단 사귀면 용돈 50만원  결혼하면 2000만원 쏜다  지원 대상 연령 보니
Social,손님 위장한 경찰  성매매 업소 찍고 녹음 대법  증거능력 있다 
Social, 별 얼음거지도 다 있네  영화관 음료수 기계서 얼음 털어간 얌체족
Social,아리셀   중대재해  위반 불법파견  의혹 노동부  철저하게 수사 
Social, 내일날씨  남부 흐리고 비 중부는 습도 높은 더위 후텁지근
Social,맨몸에 여성 속옷 올리더니 박재범  19금 파격 행보  깜짝
Social,해수욕장 불법 폭죽  펑펑  백사장엔 뾰족한 탄피 무더기
Social,인천 선재도 갯벌서 해루질하다 고립 60대 2명 구조
Social,KBS  박민 사장  증인 불출석  고발한 야당에  깊은 유감 
Social,법원  베트남전 학살  진실규명 범위 밖    피해자는  반발 
Social, 대전용산초 교사 사망사건  학부모   학교 관계자 전부  무혐의 
Social, 모르는 여성 인질극  40대  국민참여재판 희망    중형 나와도 된다 
Social, 일회용컵 보증금제  축소에 투자 기업 수십억대 손실
Social, 영상  식당서 아이 잠들자  손님 돌아가며  토닥  CCTV 담긴 훈훈한 장면
Social,황정음 고소 여성  돈 목적 아냐 전국민에 상간녀 지목 기분 아나 
Social,밤 9시에  우르르  긴 줄   인천 송도 식수 대란
Social,1000만 흥행  기동카  단기권 추가  서울대공원 반값 할인까지 가격은 
Social,도쿄도지사 선거   자갈치시장 바가지 논란   밀양시 사과문  앵커리포트 
Social,인권위 일부 위원 회의 보이콧 선언  소위 의결 방식 바꿔야 
Social, 화성 화재  아리셀  기본 안전교육도 없이 일 시켰나 쌓이는 의혹
Social,경찰  화성 아리셀 화재  피해자 보호팀 구성 유족별 지원 나선다
Social,20년 전 성폭행 사건  우리 불찰  고개 숙인 밀양시
Social, 학교 앞 50m 골프장 안돼  대구 도원고 학부모들 반발
Social,압도적 찬성 현대차  이번에는 정말 파업 
Social,대법  성매매 단속 중 비밀녹음 업소 촬영 증거능력 있다 
Social,교단 서기 전 선배에게 최대 1년 실무 배운다     수습 교사제  도입 검토
Social, 최악 폭염 대응  한전  안정적 전력수급  75일 작전  시작
Social, 아동학대  피소된 손흥민    수사 적극 협조 
Social,중처법 위반에 불법파견 의혹까지 아리셀 대표 처벌 수위는  배터리공장 화재 
Social, N수생 증가  대학 입학자 늘었다 자율고 줄고 검정고시 늘어
Social,해외 출장 중 여성 기자 강제추행 해고된 JTBC 기자 기소
Social,소화기 없는 전기차 충전소  수두룩   주변엔 발화물질  수북   화성 배터리 공장 화재 참사 
Social, 수년간 협박 시달려  농구선수 허웅  전 여자친구 고소
Social,졸속해산 서사원 사태 속 사서원 설립 의무화법 발의
Social,화재원인 책임 규명 본격화   합동분향소도 설치 예정
Social,대법원장이  채상병 특검  추천   법관 중립성 위배 논란
Social,화재 사망자 전원 부검 3명  중처법  입건
Social, 알면좋은뉴스  체감온도 38도 넘으면 집배원 이륜차 배달 중단  
Social, 단독   까라면 까     수백억 부실 대출 태광계열 저축  전 대표 영장
Social, 술 타기 로 음주운전 혐의 피한 김호중 처벌하려면 
Social,이복현의 당근엔 박수보다 원성 
Social,화재 사망자 23명 확인 아리셀 대표 등 5명 출금
Social,양창수 전 대법관  검찰은 권력 견제 조직 과거는 정리해야 
Social,강원 춘천 홍천서 오물풍선 신고 4건 잇따라 접수
Social, 배터리 곳곳에 널려 최초 발화 배터리 튕겨 연쇄적 발화 추측 
Social, 식당서 잠든 아이   손님 10명이 돌봐줘 예뻤다  영상 
Social,아리셀 연구소장 유족  유품 챙기는데 눈길 한번 안 줘  어떻게 이러나 
Social, 아이에 불륜 폭로  협박에 세상 떠난 아내 상간남은  책 쓰겠다   사랑과 전쟁 
Social, 코치는 때리고 손웅정은 욕설  손흥민 아버지도  피소  발칵
Social,복지부 장관 임현택 의협회장 오늘 국회서 첫대면
Social,엘리베이터에서 처음 본 초등 여아 성추행한 대학생
Social,후임병 라이터로 화상 입히고 폭행한 20대 제대 후 징역형 처벌
Social,손흥민 부친   체벌 욕설  아동학대 피소  수억 합의금은 수용 못해 
Social, 진료 멈춰선 안돼  세브란스병원장들  집단휴진 앞두고 한목소리
Social,대책 없는  리튬 화재   전용 소화약제 개발 
Social, 직원 강제추행 혐의  오거돈 만기출소 기다리던 지인  고생했다 
Social,손흥민    아동학대 피소   봉으로 맞고 욕설 들었다 
Social, 이틀 전에도 화재  밝힌 아리셀 그런데 전수조사는 
Social,밀린 월세 독촉한 집주인 부부에 흉기 휘두른 50대  징역 18년 중형
Social, 성관계 영상 유포 협박   황의조 형수  오늘  2심  선고
Social,고속도로 30km 역주행한 30대  차 안에는  주사기 
Social,5년 전엔 리튬 23배 적발된 업체  참사 이틀 전 화재 신고 안 했다
Social,성남시  탄천 둔치에 파크골프장 추가 조성 36홀 규모로 확충
Social,박순관 아리셀 대표  불법 파견 없었고 안전교육 충분 22일 화재  실시간 보고받고 조치 
Social,아버지뻘 40대에 주먹 날린 중학생 지하철 1호선서 벌어진 일
Social,폭염에 아이스크림처럼 녹아버린  링컨 조형물 
Social, 다양성과 포용  우리 현실 문제 포럼에서 얻은 통찰 나눌 것  2024 경향포럼 
Social,신참 여경은 투신 시도 막고 퇴직 앞둔 경관은 한강 투신자 구조
Social,1천 번 넘게  전화 욕설 협박  결국 구속
Social, 빌레못굴의 비극   4 3 군법회의 피해자 30명  재심서 무죄
Social,골목길 입구 딱 막고 사라진 차주  경찰도 해줄 수 있는 게 없다네요   여 저  
Social,월급 400만원 퇴직연금 가입자 수익률 2 vs7  30년후 결과 보니
Social, 묵묵히 일하다 갑자기 계단 돌진  구미  로봇주무관 에 무슨 일이
Social,임성근이 모른다던 도이치 공범 그런데  해병 카톡방  보니  
Social, 우리 모두 잘못  밀양시  20년 전  집단 성폭행 사건  고개 숙였다
Social,오거돈 전 부산시장 만기 출소 추후 계획 등 질문에 묵묵부답
Social, 청주테크노폴리스 아테라  내달 3일 1순위 청약
Social,하마터면 불바다될 뻔 아리셀 인접  석유류 90만  인화성 고체 400  
Social, 때리고 욕설  손웅정 감독 코치 아동학대 혐의로 피소
Social,은평구의원  통반장 지원 신문 예산  취약계층에게 
Social,       어젯밤 오물풍선 250여개 살포 100여개 경기북부 서울 등에 낙하 
Social,화성 아리셀 공장 관계자 3명  중처법  등 입건 작업중지 명령 종합 
Social,피해자는 엄벌 원하는데  결혼 앞두고 지인과 성관계 불법 촬영한 공무원  집유 
Social, 최저임금 차별 반대  시위 민주노총 조합원 23명 현행범 체포
Social, 아이 낳으면 1억  화제의 인천형 저출생 정책  완전체로 출발
Social, 어  저게 뭐지   오늘 새벽 수도권 일대에서 쏟아진 제보  앵커리포트 
Social,설악산에서 결혼식 올려볼까  공공시설 48곳 예식공간으로 개방
Social,왜  강태공  몰리나 했는데 도박 낚시터 성업
Social, 더 한장  불법 금 채굴에 파괴된 페루 아마존 열대우림
Social, 생수 대란 벌어지는 중  밤 9시부터 모여든 송도 주민들
Social,화성시청에 화재사고 사망자 첫 분향소 설치  합동분향소  유족 동의 아직 못 얻어 
Social,강기정 시장 허은아 대표  5 18정신 헌법전문수록  협력 
Social, 최악의 선고  동물단체 경악 개 고양이 11마리 죽인 20대  집행유예
Social,윤대원 학교법인 일송학원 이사장 별세  향년 79세
Social, KF94 마스크 쓰라고   화성 화재  투입 경찰 글 논란
Social, 과방위 불출석  박민 사장 고발에 KBS  공영방송 독립성 저해 
Social,100  태극기  꺼지지않는 불꽃    프라이팬 든 추격전  프레스룸 LIVE LIVE PICK 
Social,23명 숨진 화성 화재  지문 신원 가능 확인 시신 3구뿐
Social,백종원 점검에도  젤리처럼 굳은 탕수육  불만 나와
Social,화성 화재 사망자 23명 전원 부검 신원 확인은 3명만
Social,부산 15분 도시 울산 대형공연장 건립  박차 
Social, 악성 민원  시달리다 사망한  대전용산초 교사  순직 인정됐다
Social,손웅정 고소 학부모  합의금 수억 요구  분노의 표현  욕설 심각 
Social, 한수원  원전 수명 연장  폐로 비용 감당 어려움 때문일 것   와이드이슈 
Social, 황정음 상간녀 오인  A씨  돈 목적 아냐  2차 가해 멈춰 달라 
Social, 여직원 강제추행  오거돈 전 부산시장 만기 출소 지인들  고생했다 
Social, 모두의 잘못  20년 전  여중생 집단 성폭행 사건 에 고개 숙인 밀양
Social, 왜 여기만 카드 안되죠   불만 터진 한국 관광 필수 코스  현장  
Social,부산시 전환사채 은닉으로 조세 회피한 고액 채납자 전국 최초 적발  블록체인 수익 거두고도 세금 회피 
Social,손흥민    아동학대 혐의 피소     수억 원 요구  합의금 갈등   Y녹취록 
Social, 실밥 태우고 후임병 집합  가혹행위 예비역 징역형 집유
Social, 96 97 날치기 노동법 철폐 투쟁  책으로 만든다
Social,대만 장관  한류가고  대만류  온다    서경덕  문화 열등감  
Social,인천공항  아시아 항공 물류 어워즈서  최고 물류공항상  수상
Social,코로나19로 경영난  지원금 빼돌린 여행사 대표 2심 집유
Social, 교비 횡령  혐의 이인수 전 수원대 총장 항소심서 형량 가중
Social, 명예훼손 구속 이례적   타 언론사 기자 구속으로 번지나
Social,경기남부서 북한 오물풍선 신고 7건 접수 1건은 오인
Social, 선지 씻어서 다시 손님상에  한 달 전 위생검사 받았지만
Social,화성 화재 시신 3구 지문 신원 확인 20명은 DNA 감정 기다려야
Social, 성 비위  논란 박정현 교총 회장  제자에게  나의 여신님   당신 오는 시간 늘 떨렸다 
Social,이문동 아파트 신축 현장 화재  인명피해 없이 완진 종합 
Social,물 뿌리자 순간  불꽃  군납 전지도 폭발 잇따라
Social,한국인 시신 추가 발견   사망자 23명
Social, 작업명부도 타버리고 유가족 어떻게 찾나   쓸쓸한 빈소 현장르포 
Social, 의정갈등  속 국회서 마주한     입장차만 재확인
Social, 단독  신촌 100억 전세 사기   1년 전 수사의뢰했지만 무혐의 종결  피해 확산 막을 기회 놓쳐 
Social,강형욱  한 달 만에 추가 입장  단호한 조치  경고까지  스브스픽 
Social, 차별 최저임금 중단하라  민주노총 기습시위로 20여명 연행 종합 
Social, 이정섭 검사 탄핵 심판  변론 마무리 이르면 내달 결정
Social,50대 노동자 작업 중 5m 맨홀 아래로 추락해 숨져
Social, 청소노동자 집회로 수업권 침해  소송냈던 연대생 사건  이렇게  끝났다
Social,네 달 전 구매한 옷 들고와  교환해달라  거부하자 벌어진 일
Social, 전화도 안 받네요  골목길 딱막고 사라진 차주   경찰은  해줄 수 있는 게 없다 
Social,의대 증원의  나비 효과  학부모 2명 중 1명  자녀 의대 진학 관심 
Social,   명예훼손 인터뷰 의혹  신학림 구속적부심 청구
Social,초등학교 앞에서 음란행위 20대   잡고 보니  서울시 공무원 
Social,희뿌연 연기의 정체는  유해가스 누출 가능성은 
Social,최저임금 업종별 차등화 될까 노동계 경영계  줄다리기 
Social,수년간 민원 제기한 학부모  무혐의  대전 사망교사 사건 종결
Social,제노사이드 멈춰  이스라엘 제소  만델라 정신  남아공
Social,경찰   불법 리베이트  의혹 경기도 대형병원 압수수색
Social, 지원금 타 내려 만삭 고양이까지 중성화 수술 
Social, 황의조 영상 유포 협박  형수  항소심도 징역 3년  진지한 반성 없어 
Social, 사반 제보   죽어버려 개XX야  제자 돈 뜯고 얼굴엔  발길질  날린 대학교수
Social,김근식 경남대 교수  한동훈 채상병 특검  변화 첫 단추다 
Social,HJ중공업 상반기 수주액 2조  달성  수주잔고 7조 3000억
Social,부산항 신항 송도 제거 사업 본격화 축구장 38배 항만부지 조성
Social,  훈련병 얼차려 중대장 구속 반대 는 성우회 공식입장인가 
Social, 화성 화재 참사  아리셀  외국인 노동자 불법파견 의혹
Social, 차까지 몰고 와서  길가에 음식물쓰레기  슬쩍  버린 여성 영상 
Social,인천공항에   오물풍선 추락 3시간 이착륙 중단 소동  종합 
Social, 영상   전 재산 걸고 계약하신 분들인데 누가 덜렁덜렁 계약을 합니까    사과를 깔끔하게 하셔야죠   이소영 의원  박상우 국토부 장관 발언 강하게 비판
Social,화성 화재 시신 세 번째 신원 확인 40대 한국인
Social, 자식 잃은 부모에게 할 소리인가   얼차려  사망 유족  하나회 출신 예비역에 분노
Social,심야 인천 도로서 과속차량에 치인 신호수 숨져 운전자 체포
Social,이임재 전 용산서장  이태원 참사 재판서  누군가 민 탓 
Social,인도 덮친 차량에 10대 3명 날벼락
Social,화성참사 공장 사장의 황당 주장  외국인들 파견도급직 
Social,허재 아들 허웅  전 여친 고소 결별 뒤에도 수년간 금전 협박 
Social,닭다리 뜯으니 하얀 물체가  후두둑  통닭서 나온 이것에  경악 
Social,샤워실에  수상한 거울  건너편 사장실에서 들여다보며  찰칵 
Social,음주 측정 거부하며 경찰 4명 치고 3km 도주 40대 구속
Social,서귀포 표선 포구 걷던 50대 4m 추락 병원 이송
Social, 단독 정부  미복귀 전공의 면허정지 안할듯  수련규정 완화도 검토
Social,충북대 교통대    통합교명 놓고 입장차  팽팽 
Social,정부  전공의 복귀 거듭 요구   정부 태도 변해야 복귀 
Social,김동연 경기지사  중국 라오스 대사에  화성 화재  지원책 설명 종합 
Social, 프리랜서  아나운서  정규직 판결 나왔다
Social,먼바다 어선 연락두절  화들짝  10시간 만에  정상 조업 
Social,속속 멈추는  빅5  무기한 휴진 행렬 가톨릭 성균관 의대 휴진 유예
Social, 악성 민원 에 목숨 끊은  교사 학부모도 학교 관계자도 모두  무혐의 
Social,HD현대  군산조선소 재가동 20개월 만에  생산 안정화단계  돌입
Social,올해 4년제 대학 신입생 10명 중 1명꼴로 기회균형선발 입학
Social, 성매매 단속  위한 비밀녹음 무단촬영  대법  증거능력 인정 
Social,민노총  최저임금 차등 적용 반대  노동청 기습 농성  23명 체포
Social,참혹했던 화성 공장 첫 발화 순간  4번 폭발 뒤 42초 만에  암흑천지 
Social, 내 가족 시신만이라도   장례식장 돌고 도는 유족들
Social, 단독  전국 최대 서울중앙지검 여성 간부 30  돌파    검사장급 남초는 여전
Social,1967년 6월26일  전력난으로 밤 8시 이후 TV 중단
Social,무기한 휴진  보류  확산 내주 미복귀 전공의 처분  초읽기 
Social,   태광 전 경영진 포함 2명 구속영장  150억원 부당대출 혐의 
Social,손님으로 위장한 경찰이 성매매업소 촬영 녹음  대법  위법 아냐  함정단속 인정
Social,19개월 만에 반등 4월 출생아수 작년보다 521명 늘었다
Social,쓰레기통이  활활    담뱃불 실화에 시민 경찰 진압
Social,광화문에  100m 태극기  휘날리면  정말 멋있을까요 
Social,복지부   전공의 의존  과거 회귀 안 해 이달 말 사직 현황 점검  종합2보 
Social, 고구마 없어져  112 허위신고에     즉결심판  회부  앵커리포트 
Social, 마포 한 초등학교서 음란행위  잡고보니 서울시 공무원
Social, 20년 장기미제  영월 영농조합 피살사건  유력 용의자 영장
Social,싸우던 학생들에게  사과하라  했을 뿐인데 누가 이 교사를 아동학대 송치했나   디케의 눈물 250 
Social,백종원 직접 나섰지만  젤리처럼 굳은 탕수육  불만 속출
Social,기후동행카드 이용자 10명 중 1명  승용차 운행 줄였다  11월 후불카드도 출시
Social,2026학년도 의대 정원은  정부  9월까지 인력 추계 방안 확정 
Social,송도국제도시 상수도관 파열 여파  주민 불편 
Social,전복된 차 붙잡고 흔들흔들 현충일 폭주족 이어  6 25 폭주족  등장
Social, 손님 위장  경찰의 성매매 업소 녹음 대법  위법 아냐 
Social,가려진 유골함의 진실    예우받지 못한 영웅의 죽음 
Social, 같은 염색약  다이소가 약국보다 싸  약사들 발칵  결국
Social,정부  미복귀 전공의 사직 처리 요청
Social,제2연평해전 승리  고 윤영하 소령길  생긴다
Social,제자에  나의 여신님  교총 회장  손 편지  논란
Social,밀양시  20년 전 집단성폭행 사건 대국민 사과  제대로 반성 못했다  모두 우리의 불찰 
Social,아리셀  외국인 고용허가 사업장  아닌 것으로 확인 짙어지는 불법파견 의혹
Social, 대중교통 무제한  서울 기후동행카드  내달 1일 본사업 시작 종합 
Social,19개월 만에 드디어 출생아 수 반등 이유는 
Social, 오늘 아침 신문   과일 아우성인데 도매법인은 웃는다
Social, 불법촬영 영상 유포  황의조 형수  2심도 징역 3년
Social,제자에  안아주고 싶어  편지  새 교총회장 사퇴요구 봇물
Social,    가족문화 관행 타파  과거 결별해야 
Social,강형욱 심경 밝혔다  갑질논란 참담  회사 접고 훈련사 전념 
Social,10대 소녀의 초호화 변호인 구성  무기징역   살인 방조 징역 13년 
Social,백종원 점검했다더니 탕수육 짜장면 상태에  분노 
Social,서울 동대문구 아파트 건축현장서 화재 작업자 30여명 긴급대피
Social, 단독  손웅정 고소 학부모  지옥 같은 시간 피해자 더 없길 
Social,TK 찾은 황우여 원희룡  전대 앞 보수텃밭 공략
Social, 화성공장 참사 현장 출동 경찰의 쓴소리  방독 방화장비 없이 마스크만 쓰고 사지로 
Social, 불법영상 유포 협박  황의조 형수 2심도 징역 3년
Social, 찾아가 흉기로 찌르겠다  대학교수가 제자 협박하고 때려
Social,강형욱  나도 많이 다쳤다  허위 사실엔 법적 대응 
Social,23명 사망케한  리튬전지   10년 전 이미 위험 지적 납품 받은   책임은 없나
Social,기후동행카드 청년권도  바로 충전  단기권 5종 출시 종합 
Social, 바라보면 가슴이 웅장해지겠네  100m 높이 태극기  광화문광장에 휘날린다
Social, 안아주고파  고3  제자에 편지 쓴 유부남 교총 회장
Social,국회 과방위  현안질의 불출석 박민 KBS 사장 고발
Social,새벽 질주하던 차량에  쾅  도로 점검하던 60대 신호수 사망
Social,집단 혈액암 발병에 서울교통공사  직원 816명 대상 전수조사
Social,지연 황재균 이혼설 언급한 해설위원  잘 살고 있는 집안 건드려 죄송하다  내 잘못 
Social, 아이 손이 친구 뺨에 맞아  대전용산초 교사 사망사건 학부모 무혐의
Social,가톨릭의대도  유예  빅5 병원 휴진  주춤 
Social,2027년까지 100만명 심리상담 정부  정신건강 혁신 방안 발표
Social, 단독  임성근이 모른다던  도이치 공범   1사단 골프모임 추진  대화 입수
Social, 이제 스물여섯인데  유족 오열 분향소 찾은 시민  그냥 도망가시지 
Social,대형견 입마개 부탁에  네 딸도 줄로 묶어  12만 유튜버 결국 사과
Social, 시급 1만3000원 줘도 없어  한국인 알바생  유학생 불법 고용 
Social,구멍난 옷 던지고  장사 막겠다   깡패 협박  신고했더니
Social, 40명 구조 대피  동대문구 아파트 건축현장 화재    원인 조사중 
Social,김동연  산업안전 이주노동자 대책 제대로 만들겠다 
Social,아내 잃고 삶 비관한 남성 28층 옥상서 구조 새내기 경찰이 1시간 설득
Social,박민 KBS 사장도  행방불명  증인 불출석 탓 고발 수순
Social, 대전용산초 교사 사망사건  학부모 학교 관계자 전부  무혐의 
Social, 오늘의 DT인   역지사지로 촘촘한 약자복지 좋은 사회복지사 1명이 세상 바꿀 수 있다 
Social, KF94만 쓰고 사지 내몰아   화성 화재현장 출동 경찰 내부 비판글  논란 
Social, 사건사고  인천 송도  식수 대란  대남 오물풍선에 항공편 지연도
Social, 단독   파견 도급 이라던 아리셀 외국인 사망자   직접고용  있었다
Social, 임산부 배려석 카드 찍게 하자  시민제안 서울시 고개저은 이유
Social,손님 위장 경찰 성매매 단속 중 몰래 녹음 대법  증거능력 인정 
Social,영정사진 없는 분향소  아리셀 공장 화재  희생자 신원확인 이틀째 난항
Social,  오물풍선에 인천공항 3시간 이착륙 차질
Social, 통풍  젊어도 걸려요 올바른 식습관 유지해야 
Social,화성 공장 재난문자에  화들짝  경찰 화재원인 수사 본격화
Social,제주 무사증 입국 중국인  여수로 무단이탈
Social, 학부모 2명 중 1명  의대 증원 이후 의대 진학 관심 
Social,56년 만에 주름진 손 맞잡은 남매  6 25 때 생이별 후 극적 상봉
Social, 황의조 사생활 폭로  형수 항소심도 징역 3년  확정적 고의 범행 
Social,휙 던진 담배꽁초에 불길 활활 경찰 시민 아니었다면
Social,집에서 임종 맞고 싶지만 돌봄부담에 국민 75  병원서 사망
Social, 의대증원 파장  가톨릭의대 교수들도 휴진 유예 70   진료 축소 
Social, 타국살이 밥심으로 이겨내라 응원했는데   식당엔 적막뿐
Social,내일 국회서 복지부 장관 임현택 의협회장 처음 마주한다
Social,해운대 포장마차촌  60년 만에 굿바이
Social,책 속 우표 형태 종이에 신종 마약 숨겨 들여온 미국인 구속
Social,빈소도 못 차린 유족들  신원 확인 기다리며 오열  화성 배터리 공장 화재 참사 
Social, 일단 둘이 사귀세요  100만원 줄게요  부산 사하구  파격 정책 
Social,국민의힘 이양섭 충북도의장 선출  시끌 
Social,두 아이 아빠로서    월 192만원 줘도 애낳기 어려운 이유  이게 이슈 
Social, 마스크만 씌우고 사지로  화성 현장서 무슨 일이
Social,사망자 장례 일정은  이 시각 임시분향소
Social, 혐오시설 벽  또 못넘어  수도권 대체매립지 3차 공모도 실패
Social, 국민께 송구  의료공백 거듭 사과한 복지차관 의협은  정부 탓 
Social,레이싱모델 출신 유튜버 한선월  숨진 채 발견 향년 32세
Social,유사 무인키즈카페서 6cm  가시  박힌 초등생    업체  환불 해줬으니 끝 
Social,제자에게  나의 여신님   자기 생각 했어요  편지 보낸 신임 교총 회장  플랫 
Social, 뉴블더  제자에게  나의 여신님  교총 회장 과거에  발칵 
Social,근로자 3  외국인  사망산재는 4배 많다
Social,남고생 추행 혐의 50대 여성  항소심도 징역형 집행유예
Social,기후동행카드  7월 본사업  1 7일  단기권 출시하고 할인 늘린다 종합 
Social,김재윤 금정구청장 별세  보궐선거는 10월 16일
Social, 무등의 아침  정수만  5 18 종합보고서 폐기해야 앞으로 왜곡 폄훼 시달릴 것 
Social,소송 건 학생 품은 연세대 청소노동자  이기는 것보다 화합 원했다 
Social,교총 새 회장의  부적절 편지  논란 확산 제자에  여신님 
Social, 화성 화재  희생자 합동분향소 DNA 분석해 신원 확인
Social, 허위 인터뷰 의혹  신학림 구속적부심 청구  상식과 달라  종합 
Social,첸백시  SM 임원진 특경법상 사기 혐의로 고소 갈등 심화
Social, 니들 때문에 손해 봤다  감금 갈취 MZ조폭 4명 재판에
Social,세브란스병원장들 교수들에  환자 진료 중단하지 않길 부탁 
Social, 삶 특집   남자들이 밤에 화장실 가려면 여자 숙소 거쳐가야 하는데도  종합 
Social,검단신도시 AA17 검암역세권 B 2BL 공동주택용지 공급
Social, KF94 마스크 쓰고 들어가라고 사지로 내모나  화성 출동한 경찰 폭로
Social,국제신문 부장 이상 간부들  수개월 째 임금 체불
Social,CCTV에 담긴 화성 화재 현장  42초 만에 연기 자욱 
Social, 한낮엔 55도 이상    주차된 차에서 1년 넘게 산 강아지  그해 오늘 
Social,경찰차에 돌진  상가  쾅   40대 음주운전자  단속 피해 도주하다 체포
Social,일회용컵 보증금 참여기업 75억원 손배  정부는  못준다 
Social,경찰 국수본  울산지검 압수수색  KDDX 기밀 유출  자료 확보
Social,대전 초등교사 사망  악성 민원 학부모 등  무혐의   전교조  재수사하라 
Social,참사 이틀 전에도 화재  조짐  있었지만 덮어
Social,의협  의료공백 정부가 만들어 vs정부  의료개혁 필요   의 정  국회서도 평행선
Social,해외 출장 중 타사 기자 강제추행한 전 JTBC 기자 재판행
Social, 우표처럼 생겼는데  알고 보니 신종마약 책 속에서 우르르 쏟아졌다
Social,서울선 원룸 살아도 월세 75만원 강남 제친  이 동네 는 117만원
Social,백화점  1억  쓰는 VIP  명품 브랜드 CEO 고소 
Social,무면허 사고 내고 여친에 허위 자백시킨 변호사   자격은 그대로 
Social,30초 만에 귀금속 7000만원어치 턴 2인조  징역 3년씩
Social,마약사범 지난해 2만명 돌파해 역대 최다 1020 여성 증가세
Social, 호수에 개들이 떠있어  지나가던 낚시꾼  38마리 구했다
Social,강형욱  훈련사로 복귀  회사 대표 삶 접겠다 
Social, 이 시각 핫뉴스  최태원   이혼소송 탄원서  낸 장남과 어깨동무 포착  
Social, 개통령  강형욱  조사로 진실 밝힐 것 허위사실 유포 비방은 법적 대응 
Social, 모든 생명 소중해  도로 위 위험천만 오리 가족 구조한 시민들
Social,북한  이틀 연속 오물 풍선 날렸다 올 들어 6번째
Social, 여보  어디서 찾아  화성 참사 희생자들 심한 훼손에 빈소 마련도 못해   유족들 발동동
Social,첫 연기 발생 31초동안 4차례  펑펑펑펑  이틀전에도 화재  자체 진화뒤 신고 안해
Social,  오물풍선 인천공항에 떨어져 항공기 이착륙 3시간 차질
Social, 르포  또 다른  화약고  없나 위험물질 취급 공장 가보니
Social,20년 전 영월 영농조합 살인사건 검찰  용의자 구속영장 청구
Social, 영상  무심코 던진 담배꽁초에 불길  활활  경찰 시민 합심해  참사  막았다
Social,닭다리 뜯자  구더기 가 무더기로  아직도 영업 중 
Social,손흥민   손웅정 감독 아동학대 피소  아이와 가족분께 사과 
